,app_id,NPS,response_content,response_unhappy,response_friendly,APL_SEX,APL_BIRTHYEAR,APL_FREEZE_AVAILABLE_INCOME
0,18683842,-100,85,20,85,M,1969-01-01 00:00:00,3408.36
1,21406925,100,85,1,85,M,1985-01-01 00:00:00,2519
2,21406925,100,85,1,85,F,1988-01-01 00:00:00,1400
3,100524024,100,75,20,85,M,1983-01-01 00:00:00,3500
4,19866647,100,85,0,85,M,1987-01-01 00:00:00,4264.67
5,101311723,100,85,75,75,F,1983-01-01 00:00:00,4448.16
6,100367371,100,85,0,85,F,1977-01-01 00:00:00,0
7,100367371,100,85,0,85,M,1975-01-01 00:00:00,3850
8,22115722,100,95,5,85,F,1977-01-01 00:00:00,2910.42
9,22115722,100,95,5,85,M,1973-01-01 00:00:00,2979.17
10,101068801,0,85,20,85,F,1964-01-01 00:00:00,2800
11,101068801,0,85,20,85,M,1968-01-01 00:00:00,3763
12,20980314,100,85,5,85,F,1980-01-01 00:00:00,4668
13,100170763,0,85,5,85,M,1956-01-01 00:00:00,2988.18
14,100170763,0,85,5,85,F,1957-01-01 00:00:00,1431.6
15,100849048,100,-100,35,85,F,1982-01-01 00:00:00,5000
16,100849048,100,-100,35,85,F,1985-01-01 00:00:00,
17,20292782,0,85,5,85,M,1970-01-01 00:00:00,6230
18,19244079,100,85,1,85,M,1959-01-01 00:00:00,3131
19,19244079,100,85,1,85,F,1961-01-01 00:00:00,440
20,20906818,100,85,1,85,M,1984-01-01 00:00:00,4196
21,20906818,100,85,1,85,F,1991-01-01 00:00:00,3224
22,101492930,0,45,85,65,F,1962-01-01 00:00:00,1750
23,100383179,0,45,75,85,F,,2300
24,100383179,0,45,75,85,M,,
25,21766699,0,85,20,85,M,1983-01-01 00:00:00,6000
26,6863250,100,85,5,85,F,1967-01-01 00:00:00,2583.87
27,20465056,100,85,5,95,M,1976-01-01 00:00:00,2352.89
28,100610016,100,85,20,85,F,1959-01-01 00:00:00,1884.64
29,21900415,100,75,85,85,F,1973-01-01 00:00:00,3152.81
30,20275274,100,95,1,85,M,1958-01-01 00:00:00,1794.73
31,20275274,100,95,1,85,F,1962-01-01 00:00:00,1511.77
32,20936500,100,95,1,95,F,1989-01-01 00:00:00,1939
33,20936500,100,95,1,95,M,1990-01-01 00:00:00,1893.57
34,22018179,100,75,5,85,F,1984-01-01 00:00:00,3200
35,19871004,100,85,20,85,M,1966-01-01 00:00:00,1625.47
36,21183435,100,45,85,65,F,1965-01-01 00:00:00,3229.59
37,100031516,100,85,5,85,M,1983-01-01 00:00:00,2916.67
38,100031516,100,85,5,85,F,1985-01-01 00:00:00,1583.71
39,100546902,100,85,65,75,F,1956-01-01 00:00:00,1002.07
40,100546902,100,85,65,75,M,1954-01-01 00:00:00,2054.01
41,101079583,0,85,20,85,M,1961-01-01 00:00:00,
42,101079583,0,85,20,85,F,1963-01-01 00:00:00,
43,13253858,100,85,5,85,F,1983-01-01 00:00:00,29604.67
44,13253858,100,85,5,85,M,1976-01-01 00:00:00,3350.8
45,100419003,100,85,20,85,M,1992-01-01 00:00:00,3109.17
46,100419003,100,85,20,85,F,1983-01-01 00:00:00,2580
47,100740897,100,-100,-100,85,M,,0
48,100740897,100,-100,-100,85,,,0
49,9070757,100,85,5,85,M,1976-01-01 00:00:00,2654
50,9070757,100,85,5,85,F,1982-01-01 00:00:00,1111.31
51,100227440,100,85,5,85,,,2300
52,100227440,100,85,5,85,F,1989-01-01 00:00:00,2940.02
53,17939414,100,95,5,85,M,1975-01-01 00:00:00,4666.11
54,17939414,100,95,5,85,F,1976-01-01 00:00:00,880.33
55,15855955,0,85,5,85,M,1984-01-01 00:00:00,3000
56,15855955,0,85,5,85,F,1986-01-01 00:00:00,1670
57,18062570,100,85,15,85,M,1967-01-01 00:00:00,4638.69
58,100438112,100,85,5,95,M,1987-01-01 00:00:00,3246.52
59,100438112,100,85,5,95,F,1998-01-01 00:00:00,2166.67
60,101481014,0,95,0,85,M,1991-01-01 00:00:00,4269.58
61,101481014,0,95,0,85,F,1992-01-01 00:00:00,3011.67
62,17018745,100,85,5,85,M,1983-01-01 00:00:00,2933.66
63,21739807,100,85,1,85,F,1972-01-01 00:00:00,1848.75
64,18723603,100,85,5,85,M,1977-01-01 00:00:00,3500
65,18723603,100,85,5,85,F,1977-01-01 00:00:00,
66,20603823,100,95,1,95,F,1993-01-01 00:00:00,3374.95
67,100251053,100,85,20,85,M,1980-01-01 00:00:00,4184
68,100251053,100,85,20,85,F,1976-01-01 00:00:00,1431
69,100912050,100,85,20,85,M,1964-01-01 00:00:00,6079.51
70,100912050,100,85,20,85,F,1981-01-01 00:00:00,3614.62
71,21990217,100,85,5,85,F,1952-01-01 00:00:00,2357.86
72,100116950,100,85,5,85,F,1980-01-01 00:00:00,3372.65
73,6971846,100,85,5,85,F,1967-01-01 00:00:00,0
74,6971846,100,85,5,85,M,1967-01-01 00:00:00,9720
75,100515228,100,85,20,85,M,1976-01-01 00:00:00,4200
76,100515228,100,85,20,85,F,1978-01-01 00:00:00,1522
77,19513195,100,85,5,85,M,1968-01-01 00:00:00,6503
78,19513195,100,85,5,85,F,1967-01-01 00:00:00,250
79,100444710,0,85,5,85,F,1981-01-01 00:00:00,3204.93
80,100444710,0,85,5,85,M,1981-01-01 00:00:00,3058
81,6524191,100,95,5,85,F,1948-01-01 00:00:00,1990.56
82,20605743,100,85,20,85,F,1987-01-01 00:00:00,2462.42
83,20605743,100,85,20,85,M,1990-01-01 00:00:00,2563.59
84,22043351,0,75,20,85,M,1983-01-01 00:00:00,1773.91
85,22043351,0,75,20,85,F,1989-01-01 00:00:00,2692.79
86,101528593,100,85,20,85,M,1976-01-01 00:00:00,4400
87,100186751,100,95,20,85,F,1970-01-01 00:00:00,4508.85
88,100554472,100,75,20,85,M,1975-01-01 00:00:00,4432.75
89,100554472,100,75,20,85,F,1976-01-01 00:00:00,2508.9
90,100132093,100,65,20,85,M,1985-01-01 00:00:00,6213
91,100132093,100,65,20,85,F,1988-01-01 00:00:00,0
92,100509739,100,85,5,85,F,1990-01-01 00:00:00,2745
93,100509739,100,85,5,85,M,1990-01-01 00:00:00,2960
94,21281421,100,75,65,85,F,1981-01-01 00:00:00,0
95,21281421,100,75,65,85,M,1974-01-01 00:00:00,4354.67
96,101038745,0,50,65,85,M,1941-01-01 00:00:00,3276.46
97,101038745,0,50,65,85,F,1945-01-01 00:00:00,974.01
98,5542651,100,85,5,85,F,1954-01-01 00:00:00,2517.33
99,5542651,100,85,5,85,M,1959-01-01 00:00:00,937.5
100,21704283,0,85,20,85,M,1992-01-01 00:00:00,3000
101,21704283,0,85,20,85,F,1990-01-01 00:00:00,3143.5
102,21063288,-100,85,20,85,M,1955-01-01 00:00:00,3770
103,21063288,-100,85,20,85,F,1971-01-01 00:00:00,4892
104,100402087,0,75,5,85,F,1977-01-01 00:00:00,4595.58
105,18612478,0,75,20,85,M,1965-01-01 00:00:00,5654.96
106,18612478,0,75,20,85,F,1967-01-01 00:00:00,-712
107,101346509,100,85,5,85,M,,1501.01
108,101346509,100,85,5,85,F,,1501.01
109,17681211,100,85,1,95,M,1979-01-01 00:00:00,3954
110,17681211,100,85,1,95,F,1983-01-01 00:00:00,2444
111,100237981,100,85,5,85,F,1980-01-01 00:00:00,3450
112,100237981,100,85,5,85,M,1974-01-01 00:00:00,4151.5
113,100477347,100,85,20,85,M,,3500
114,102010433,0,85,5,85,F,,4100
115,20004878,100,95,1,95,M,1949-01-01 00:00:00,3981.84
116,17324931,0,65,20,85,F,1960-01-01 00:00:00,2361.18
117,101023721,100,95,20,85,M,1977-01-01 00:00:00,7704.96
118,101023721,100,95,20,85,F,1978-01-01 00:00:00,2327.96
119,19812438,100,85,1,85,M,1979-01-01 00:00:00,3048.53
120,101396953,100,85,20,85,M,1982-01-01 00:00:00,2833.33
121,101396953,100,85,20,85,F,1987-01-01 00:00:00,2150
122,22177661,100,85,5,85,M,1992-01-01 00:00:00,3820
123,21973551,100,85,20,85,F,1967-01-01 00:00:00,13193.83
124,21973551,100,85,20,85,M,1964-01-01 00:00:00,941.69
125,100241114,100,85,20,85,F,1989-01-01 00:00:00,4843.62
126,100241114,100,85,20,85,M,1982-01-01 00:00:00,2600
127,100114600,100,85,20,85,F,1996-01-01 00:00:00,4150
128,100114600,100,85,20,85,M,1995-01-01 00:00:00,2400
129,100017945,-100,75,20,85,M,1981-01-01 00:00:00,7179.5
130,100017945,-100,75,20,85,F,1980-01-01 00:00:00,0
131,101798935,100,85,15,85,M,1974-01-01 00:00:00,4465.56
132,100024991,100,75,75,85,M,1975-01-01 00:00:00,2619
133,100024991,100,75,75,85,F,1981-01-01 00:00:00,0
134,19077494,100,95,1,85,M,1959-01-01 00:00:00,6046.26
135,19077494,100,95,1,85,F,1968-01-01 00:00:00,1286.64
136,100168312,100,85,5,85,F,1984-01-01 00:00:00,2051.02
137,100168312,100,85,5,85,M,1982-01-01 00:00:00,3721.53
138,20305831,100,75,65,85,F,1987-01-01 00:00:00,1400
139,20305831,100,75,65,85,M,1986-01-01 00:00:00,4300
140,18451408,100,-100,50,50,M,1966-01-01 00:00:00,4368.9
141,20111707,0,75,15,85,F,1977-01-01 00:00:00,1200
142,20111707,0,75,15,85,M,1988-01-01 00:00:00,2491.67
143,18864760,100,85,5,85,M,1987-01-01 00:00:00,2407.5
144,18864760,100,85,5,85,F,1988-01-01 00:00:00,2946
145,100344463,100,50,75,85,M,1980-01-01 00:00:00,9378.57
146,100344463,100,50,75,85,F,1979-01-01 00:00:00,1755.58
147,19702790,100,85,5,85,F,1955-01-01 00:00:00,2620.28
148,19702790,100,85,5,85,F,1976-01-01 00:00:00,1934.3
149,22060624,100,85,5,85,M,1973-01-01 00:00:00,5100
150,22060624,100,85,5,85,F,1980-01-01 00:00:00,-280
151,7591352,100,85,5,85,M,1981-01-01 00:00:00,1632.49
152,21832099,100,75,75,85,M,,4444.68
153,21832099,100,75,75,85,,,0
154,21256757,100,85,5,85,M,1973-01-01 00:00:00,7287
155,21256757,100,85,5,85,F,1975-01-01 00:00:00,0
156,20367489,100,65,65,85,M,1975-01-01 00:00:00,2351
157,20367489,100,65,65,85,F,1983-01-01 00:00:00,1963
158,101755157,100,85,20,85,F,1974-01-01 00:00:00,2700
159,101583351,100,-100,35,85,F,,
160,100933830,100,75,15,85,M,1998-01-01 00:00:00,2760.65
161,16932654,100,85,5,85,F,1967-01-01 00:00:00,2105.17
162,16932654,100,85,5,85,M,1966-01-01 00:00:00,3618.86
163,19534943,100,85,5,85,M,1982-01-01 00:00:00,3471.09
164,19688996,0,85,5,85,M,1983-01-01 00:00:00,3282.7
165,19688996,0,85,5,85,F,1986-01-01 00:00:00,803.61
166,21769529,0,85,1,85,F,1992-01-01 00:00:00,3308.08
167,21769529,0,85,1,85,M,1986-01-01 00:00:00,2554.33
168,18660604,100,85,20,85,F,1987-01-01 00:00:00,316.44
169,18660604,100,85,20,85,M,1986-01-01 00:00:00,4311.41
170,22158386,100,75,20,85,M,1979-01-01 00:00:00,2700.29
171,22158386,100,75,20,85,F,1979-01-01 00:00:00,1950
172,18585024,100,85,20,85,F,1988-01-01 00:00:00,2932
173,100457507,0,65,20,85,M,,150000
174,14711455,100,50,15,85,M,1966-01-01 00:00:00,2759.65
175,100738536,100,85,20,85,F,1992-01-01 00:00:00,3170.67
176,100738536,100,85,20,85,M,1993-01-01 00:00:00,1000
177,12523900,-100,85,5,85,M,1984-01-01 00:00:00,3966.67
178,12523900,-100,85,5,85,F,1985-01-01 00:00:00,1367.43
179,12981518,100,85,5,85,M,1970-01-01 00:00:00,3195.21
180,101991360,0,85,5,95,M,1977-01-01 00:00:00,3990.47
181,101991360,0,85,5,95,F,1980-01-01 00:00:00,1276.6
182,20382467,100,20,85,65,F,1984-01-01 00:00:00,2145.1
183,20382467,100,20,85,65,M,1984-01-01 00:00:00,2320.31
184,16693899,0,85,20,85,M,1967-01-01 00:00:00,4692.4
185,16693899,0,85,20,85,F,1963-01-01 00:00:00,446
186,13900939,100,85,5,85,M,1975-01-01 00:00:00,6218.33
187,13900939,100,85,5,85,F,1980-01-01 00:00:00,1682
188,19849045,100,85,20,85,M,1980-01-01 00:00:00,8614.15
189,8223757,100,85,20,85,M,1979-01-01 00:00:00,2912.66
190,20929446,100,85,5,85,M,1965-01-01 00:00:00,23012.47
191,20929446,100,85,5,85,F,1965-01-01 00:00:00,1253.49
192,100747163,100,85,5,85,M,1977-01-01 00:00:00,3126.67
193,20760143,100,85,5,85,M,1988-01-01 00:00:00,5755.16
194,17625664,-100,65,20,85,M,1979-01-01 00:00:00,7625.5
195,17625664,-100,65,20,85,F,1981-01-01 00:00:00,1041.67
196,20607321,100,85,20,85,M,1977-01-01 00:00:00,5478.92
197,20607321,100,85,20,85,F,1975-01-01 00:00:00,1050
198,11230790,100,85,5,85,F,1979-01-01 00:00:00,2215
199,11230790,100,85,5,85,M,1980-01-01 00:00:00,0
200,18912314,100,95,1,85,F,1982-01-01 00:00:00,3197.78
201,18912314,100,95,1,85,M,1982-01-01 00:00:00,3366.31
202,22030995,100,45,65,75,F,1985-01-01 00:00:00,3864.65
203,21814531,100,65,45,75,M,1976-01-01 00:00:00,3189.38
204,21814531,100,65,45,75,F,1976-01-01 00:00:00,3070.91
205,21849952,100,85,20,85,M,1980-01-01 00:00:00,6800
206,21849952,100,85,20,85,F,1981-01-01 00:00:00,3054
207,19657714,100,85,5,85,M,1987-01-01 00:00:00,3600
208,19657714,100,85,5,85,M,1989-01-01 00:00:00,3180
209,100602963,100,85,20,85,F,1980-01-01 00:00:00,1355.14
210,100602963,100,85,20,85,M,1972-01-01 00:00:00,4203.72
211,100638216,100,75,20,85,M,1984-01-01 00:00:00,2021.9
212,100638216,100,75,20,85,F,1991-01-01 00:00:00,1988.62
213,101528998,-100,45,65,65,M,1982-01-01 00:00:00,4000
214,19794882,100,85,20,85,F,1988-01-01 00:00:00,3450.88
215,19794882,100,85,20,85,M,1974-01-01 00:00:00,3686.31
216,20485263,100,95,5,85,F,1981-01-01 00:00:00,4439.14
217,22164488,100,85,5,85,F,,4296.67
218,22164488,100,85,5,85,M,1980-01-01 00:00:00,3256.67
219,21410317,100,85,1,85,F,1985-01-01 00:00:00,300
220,21410317,100,85,1,85,M,1983-01-01 00:00:00,3840.35
221,100601892,100,85,20,85,M,1984-01-01 00:00:00,4619.6
222,100601892,100,85,20,85,F,1990-01-01 00:00:00,920.3
223,17656822,100,85,20,85,M,1970-01-01 00:00:00,1922.61
224,17656822,100,85,20,85,F,1967-01-01 00:00:00,2043.85
225,100262351,100,85,5,85,M,1982-01-01 00:00:00,3100
226,12675422,100,75,5,85,F,1980-01-01 00:00:00,1624.56
227,12675422,100,75,5,85,M,1981-01-01 00:00:00,2300
228,18413007,100,85,1,85,M,1986-01-01 00:00:00,4576.12
229,18413007,100,85,1,85,F,1986-01-01 00:00:00,2293.46
230,100695065,-100,20,85,65,F,1994-01-01 00:00:00,3500
231,21581783,100,85,20,85,F,1965-01-01 00:00:00,1004.22
232,21581783,100,85,20,85,M,1958-01-01 00:00:00,10742.56
233,17504464,100,85,20,85,F,1990-01-01 00:00:00,2500
234,17504464,100,85,20,85,M,1988-01-01 00:00:00,3099
235,19310641,100,85,20,85,F,1986-01-01 00:00:00,2612.11
236,19310641,100,85,20,85,M,1983-01-01 00:00:00,2695.02
237,15528104,100,85,20,85,M,1975-01-01 00:00:00,5994
238,15528104,100,85,20,85,F,1977-01-01 00:00:00,0
239,19442528,100,85,20,85,F,1985-01-01 00:00:00,219
240,19442528,100,85,20,85,M,1984-01-01 00:00:00,2816.67
241,21930205,0,85,5,85,M,1983-01-01 00:00:00,7500
242,20042615,100,85,5,85,F,1972-01-01 00:00:00,1813.79
243,20042615,100,85,5,85,M,1964-01-01 00:00:00,5913.68
244,100341029,100,85,45,85,F,1936-01-01 00:00:00,44296.36
245,100709735,100,85,1,85,F,1992-01-01 00:00:00,4075.24
246,100709735,100,85,1,85,M,1989-01-01 00:00:00,4235.94
247,19196641,100,85,20,85,M,1989-01-01 00:00:00,2461.33
248,19196641,100,85,20,85,F,1991-01-01 00:00:00,3757
249,21896488,100,85,20,85,F,1963-01-01 00:00:00,2238
250,21896488,100,85,20,85,M,1958-01-01 00:00:00,5700
251,100330278,0,85,20,85,M,1994-01-01 00:00:00,4125
252,100330278,0,85,20,85,F,1995-01-01 00:00:00,2083.33
253,21100198,100,65,20,85,M,1960-01-01 00:00:00,3590.37
254,101433835,100,45,75,65,M,1976-01-01 00:00:00,2881.67
255,101433835,100,45,75,65,F,1993-01-01 00:00:00,3604.45
256,101190845,-100,65,85,65,F,1962-01-01 00:00:00,1750
257,18073359,100,65,20,85,M,1977-01-01 00:00:00,5321.41
258,18073359,100,65,20,85,F,1989-01-01 00:00:00,2021.83
259,20976407,100,85,45,85,M,1955-01-01 00:00:00,10558.01
260,20976407,100,85,45,85,F,1962-01-01 00:00:00,654.33
261,21983143,100,85,20,85,M,1995-01-01 00:00:00,7841.6
262,101101794,100,95,1,95,F,1989-01-01 00:00:00,2317
263,101101794,100,95,1,95,M,1984-01-01 00:00:00,5500
264,15904245,100,85,5,95,M,1989-01-01 00:00:00,3880.3
265,15904245,100,85,5,95,F,1992-01-01 00:00:00,219
266,100641082,-100,85,5,85,F,1984-01-01 00:00:00,3000
267,100641082,-100,85,5,85,,,0
268,21978287,0,85,20,85,F,1971-01-01 00:00:00,2139.01
269,21601156,100,85,20,85,F,1986-01-01 00:00:00,1589.49
270,21601156,100,85,20,85,M,1985-01-01 00:00:00,2410.95
271,17398664,100,85,5,85,F,1991-01-01 00:00:00,2346.92
272,21020919,100,85,5,85,F,1987-01-01 00:00:00,1322.92
273,21020919,100,85,5,85,M,1986-01-01 00:00:00,2553
274,19943299,100,65,20,85,F,1981-01-01 00:00:00,2750.5
275,20302620,100,85,20,85,F,1993-01-01 00:00:00,2383.33
276,20302620,100,85,20,85,M,1991-01-01 00:00:00,1725
277,21500975,100,50,20,85,F,1990-01-01 00:00:00,3500
278,100283249,0,-100,35,85,M,,3472
279,100427275,100,95,5,85,M,1983-01-01 00:00:00,5225.42
280,100427275,100,95,5,85,F,1985-01-01 00:00:00,1233.36
281,22141696,100,45,20,85,M,1951-01-01 00:00:00,1086.49
282,22141696,100,45,20,85,F,1957-01-01 00:00:00,2074.35
283,22218074,100,85,45,85,F,1983-01-01 00:00:00,2256.05
284,22218074,100,85,45,85,M,1982-01-01 00:00:00,3029.74
285,4981837,100,85,20,85,M,1963-01-01 00:00:00,4631.48
286,4981837,100,85,20,85,F,1969-01-01 00:00:00,3445.45
287,18608412,100,85,20,85,M,1956-01-01 00:00:00,6317.94
288,18608412,100,85,20,85,F,1967-01-01 00:00:00,1894.07
289,5690137,100,85,20,85,M,1964-01-01 00:00:00,1616.72
290,5690137,100,85,20,85,M,1967-01-01 00:00:00,1537.19
291,101102410,0,85,5,85,F,1967-01-01 00:00:00,1620
292,101741538,100,85,15,85,F,,2600
293,16890037,100,85,5,85,M,1974-01-01 00:00:00,3750
294,16890037,100,85,5,85,F,1977-01-01 00:00:00,2000
295,19953849,100,95,1,95,F,1988-01-01 00:00:00,1420.93
296,19953849,100,95,1,95,M,1986-01-01 00:00:00,4602.46
297,100571845,100,95,0,85,M,1983-01-01 00:00:00,3850
298,18718990,100,85,5,85,F,1989-01-01 00:00:00,2278.69
299,18718990,100,85,5,85,M,1986-01-01 00:00:00,3263.11
300,20001347,0,85,5,85,F,1987-01-01 00:00:00,1668
301,20001347,0,85,5,85,M,1988-01-01 00:00:00,2330
302,19299172,100,85,5,85,M,1955-01-01 00:00:00,3500
303,19824771,0,95,1,95,F,1986-01-01 00:00:00,1896
304,19824771,0,95,1,95,M,1987-01-01 00:00:00,3000
305,17656110,100,75,20,75,M,1982-01-01 00:00:00,3313.9
306,17656110,100,75,20,75,F,1988-01-01 00:00:00,1881.24
307,100023660,100,85,20,85,M,1985-01-01 00:00:00,5753.41
308,100023660,100,85,20,85,F,1987-01-01 00:00:00,3439.71
309,100603833,100,85,20,85,M,1965-01-01 00:00:00,5233
310,100603833,100,85,20,85,F,1980-01-01 00:00:00,3158.33
311,21339978,100,85,20,85,M,1995-01-01 00:00:00,2587.09
312,10000029,100,85,20,85,M,1971-01-01 00:00:00,3845.37
313,21636057,100,85,5,85,M,1989-01-01 00:00:00,3952.76
314,21636057,100,85,5,85,F,1995-01-01 00:00:00,1255.91
315,10184747,100,85,20,85,F,1955-01-01 00:00:00,3077.25
316,20725074,100,85,5,85,F,1975-01-01 00:00:00,1650.75
317,20522131,100,65,35,85,M,1972-01-01 00:00:00,5638
318,22087841,-100,45,75,85,F,1992-01-01 00:00:00,0
319,22087841,-100,45,75,85,M,1991-01-01 00:00:00,2219
320,11328782,100,95,1,95,F,1961-01-01 00:00:00,2319.9
321,16024513,-100,85,35,85,M,1986-01-01 00:00:00,5983.86
322,16024513,-100,85,35,85,F,1985-01-01 00:00:00,194
323,100164688,100,75,45,75,M,1987-01-01 00:00:00,7717.51
324,100164688,100,75,45,75,F,1986-01-01 00:00:00,1673.18
325,101571085,100,85,5,85,M,1973-01-01 00:00:00,6528
326,18867394,100,85,5,85,M,1985-01-01 00:00:00,2658.48
327,18867394,100,85,5,85,F,1986-01-01 00:00:00,1268.85
328,19329198,0,75,20,85,M,1975-01-01 00:00:00,3272.23
329,19329198,0,75,20,85,F,1976-01-01 00:00:00,1000
330,18382799,100,75,65,85,F,1978-01-01 00:00:00,2190.91
331,18382799,100,75,65,85,M,1978-01-01 00:00:00,2037.66
332,21552859,100,85,20,85,F,1992-01-01 00:00:00,1563.95
333,21552859,100,85,20,85,M,1991-01-01 00:00:00,2563.76
334,19880966,100,75,65,65,M,1984-01-01 00:00:00,3213.58
335,19880966,100,75,65,65,F,1983-01-01 00:00:00,2421.47
336,9952802,100,85,5,85,M,1970-01-01 00:00:00,3184
337,9952802,100,85,5,85,,,2500
338,21807111,0,75,5,85,F,1985-01-01 00:00:00,5800
339,21807111,0,75,5,85,M,1986-01-01 00:00:00,6219
340,7125742,100,95,1,85,M,1958-01-01 00:00:00,533.25
341,7125742,100,95,1,85,F,1959-01-01 00:00:00,6366.67
342,100164690,100,85,5,85,M,1991-01-01 00:00:00,4338.48
343,100164690,100,85,5,85,F,1992-01-01 00:00:00,678.85
344,20973663,100,95,5,85,F,1975-01-01 00:00:00,2793.72
345,22212341,100,85,5,85,M,1986-01-01 00:00:00,7100
346,22212341,100,85,5,85,F,1985-01-01 00:00:00,1100
347,21478572,100,85,20,85,M,1979-01-01 00:00:00,6146.62
348,21478572,100,85,20,85,F,1983-01-01 00:00:00,351
349,19463866,100,85,5,85,M,1972-01-01 00:00:00,4815.82
350,19463866,100,85,5,85,F,1978-01-01 00:00:00,896.92
351,20354004,100,95,1,85,M,1961-01-01 00:00:00,5193.29
352,20354004,100,95,1,85,F,1962-01-01 00:00:00,583
353,100822220,100,85,5,85,M,1980-01-01 00:00:00,3000
354,100822220,100,85,5,85,F,1981-01-01 00:00:00,1800
355,19906901,100,85,20,85,M,1983-01-01 00:00:00,6810
356,19906901,100,85,20,85,F,1986-01-01 00:00:00,1989
357,100648930,100,85,5,85,M,1967-01-01 00:00:00,5800
358,100648930,100,85,5,85,F,1977-01-01 00:00:00,1600
359,21339669,-100,65,65,85,F,1992-01-01 00:00:00,1838.63
360,21339669,-100,65,65,85,M,1992-01-01 00:00:00,3074.07
361,100877031,100,85,15,85,F,1986-01-01 00:00:00,3680.07
362,100877031,100,85,15,85,M,1976-01-01 00:00:00,3870.98
363,19281383,100,85,5,85,M,1981-01-01 00:00:00,5138
364,19281383,100,85,5,85,F,1981-01-01 00:00:00,2362.43
365,100033463,100,65,20,85,M,1993-01-01 00:00:00,2743
366,100033463,100,65,20,85,F,1995-01-01 00:00:00,2220
367,19532855,100,85,20,85,F,1972-01-01 00:00:00,6845
368,19532855,100,85,20,85,M,1972-01-01 00:00:00,7926.25
369,19875058,100,85,65,85,M,1974-01-01 00:00:00,7582.77
370,19875058,100,85,65,85,F,1977-01-01 00:00:00,150
371,100538368,100,85,5,85,F,1986-01-01 00:00:00,0
372,100538368,100,85,5,85,M,1985-01-01 00:00:00,3208.88
373,22105579,100,85,20,85,F,1982-01-01 00:00:00,3250
374,100417571,100,85,20,85,M,1969-01-01 00:00:00,-1742
375,14295377,100,85,1,95,F,1990-01-01 00:00:00,1875
376,14295377,100,85,1,95,M,1986-01-01 00:00:00,2888.17
377,21703351,100,65,5,85,M,1982-01-01 00:00:00,2519
378,21703351,100,65,5,85,F,1986-01-01 00:00:00,2333.33
379,16590359,100,95,1,85,M,1971-01-01 00:00:00,4194
380,16590359,100,95,1,85,F,1970-01-01 00:00:00,2511.17
381,100060558,100,85,35,85,M,1992-01-01 00:00:00,2816.67
382,100299828,100,85,20,85,M,1987-01-01 00:00:00,9267
383,100299828,100,85,20,85,F,1990-01-01 00:00:00,712.92
384,10652120,100,75,20,85,M,1968-01-01 00:00:00,2596.09
385,10652120,100,75,20,85,F,1969-01-01 00:00:00,1962.16
386,19840485,100,85,1,85,M,1973-01-01 00:00:00,2830.92
387,101384814,100,65,15,85,M,1984-01-01 00:00:00,6014
388,101384814,100,65,15,85,F,1985-01-01 00:00:00,1798
389,101373064,100,85,20,85,F,1987-01-01 00:00:00,3882.42
390,101373064,100,85,20,85,M,1987-01-01 00:00:00,3900
391,10274649,-100,45,65,65,M,1966-01-01 00:00:00,11813.64
392,15760605,100,85,5,85,F,1980-01-01 00:00:00,1949
393,15760605,100,85,5,85,M,1973-01-01 00:00:00,1932.17
394,16237463,100,85,20,85,F,1982-01-01 00:00:00,1719.26
395,16237463,100,85,20,85,M,1986-01-01 00:00:00,2501.85
396,100185660,100,85,5,85,M,1987-01-01 00:00:00,5036
397,100185660,100,85,5,85,F,1985-01-01 00:00:00,2713.35
398,10898120,100,85,20,85,M,1982-01-01 00:00:00,2799
399,10898120,100,85,20,85,F,1980-01-01 00:00:00,1558
400,22041414,100,75,20,85,F,1993-01-01 00:00:00,2261.34
401,22041414,100,75,20,85,F,1991-01-01 00:00:00,2920.46
402,20223093,100,95,1,95,M,1989-01-01 00:00:00,3247.83
403,20223093,100,95,1,95,F,1987-01-01 00:00:00,250
404,21357333,100,65,20,85,F,1986-01-01 00:00:00,3068.02
405,21357333,100,65,20,85,M,1979-01-01 00:00:00,4248
406,100285536,0,65,65,85,M,1979-01-01 00:00:00,4085.39
407,100285536,0,65,65,85,F,1983-01-01 00:00:00,2193.6
408,15282865,100,85,1,85,F,1965-01-01 00:00:00,4238
409,101305263,100,85,20,85,M,,7500
410,16222691,100,85,5,85,F,1987-01-01 00:00:00,3823.93
411,16222691,100,85,5,85,M,1978-01-01 00:00:00,6041.41
412,17003296,100,85,5,85,M,1985-01-01 00:00:00,3575
413,17003296,100,85,5,85,M,1980-01-01 00:00:00,3405
414,8092314,100,85,5,85,F,1976-01-01 00:00:00,3246
415,8092314,100,85,5,85,M,1975-01-01 00:00:00,2291.67
416,18822914,100,20,85,45,M,1953-01-01 00:00:00,8044.98
417,18822914,100,20,85,45,F,1957-01-01 00:00:00,1982.82
418,100362322,100,50,20,85,F,1984-01-01 00:00:00,3500
419,101330778,0,85,5,85,M,1981-01-01 00:00:00,2068.69
420,101330778,0,85,5,85,F,1982-01-01 00:00:00,4531.54
421,18144100,0,85,15,85,M,1984-01-01 00:00:00,3869
422,18144100,0,85,15,85,F,1987-01-01 00:00:00,1458.33
423,21240585,100,85,5,85,M,1992-01-01 00:00:00,7762
424,21240585,100,85,5,85,F,1988-01-01 00:00:00,9321
425,20799470,100,85,20,85,,1989-01-01 00:00:00,1632.3
426,20799470,100,85,20,85,M,1987-01-01 00:00:00,2393
427,8176018,100,85,1,85,M,1972-01-01 00:00:00,5776.16
428,101576757,100,45,85,75,M,1972-01-01 00:00:00,6193
429,101576757,100,45,85,75,F,1971-01-01 00:00:00,250
430,101064840,100,85,5,85,M,1962-01-01 00:00:00,12780.45
431,101064840,100,85,5,85,F,1958-01-01 00:00:00,0
432,20106352,100,50,5,85,F,1984-01-01 00:00:00,438
433,20106352,100,50,5,85,M,1976-01-01 00:00:00,3119
434,100756642,100,85,5,85,F,1944-01-01 00:00:00,1500
435,100543492,0,75,5,85,M,,7000
436,100916681,100,85,5,85,F,1976-01-01 00:00:00,6521.65
437,19812563,100,85,5,85,M,1989-01-01 00:00:00,3122.05
438,19812563,100,85,5,85,F,1988-01-01 00:00:00,1496.56
439,18334213,100,65,20,85,M,1972-01-01 00:00:00,3653.9
440,100456345,-100,-100,35,85,M,,1900
441,100300961,100,50,75,85,F,1967-01-01 00:00:00,3500
442,101184913,100,75,20,85,F,1997-01-01 00:00:00,2137.21
443,101184913,100,75,20,85,F,1997-01-01 00:00:00,2494.69
444,100736572,100,85,5,85,M,,5000
445,101347021,100,85,20,85,F,1973-01-01 00:00:00,5799
446,101347021,100,85,20,85,M,1971-01-01 00:00:00,4934
447,100168590,100,85,5,85,M,1989-01-01 00:00:00,2465
448,100168590,100,85,5,85,F,1990-01-01 00:00:00,1500
449,100470141,100,85,20,85,F,,2800
450,18936126,100,75,65,85,M,1967-01-01 00:00:00,16021.77
451,18936126,100,75,65,85,F,1969-01-01 00:00:00,3650
452,8933011,100,95,1,95,M,1982-01-01 00:00:00,3768.82
453,8933011,100,95,1,95,F,1988-01-01 00:00:00,568
454,16575123,100,65,20,85,F,1989-01-01 00:00:00,1888.37
455,20780015,100,85,20,85,M,1972-01-01 00:00:00,9144.93
456,22263730,100,85,20,85,M,,5200
457,6848795,100,50,5,85,M,1970-01-01 00:00:00,4556
458,6848795,100,50,5,85,F,1972-01-01 00:00:00,1285.62
459,9567280,100,85,5,85,M,1953-01-01 00:00:00,5502
460,9567280,100,85,5,85,F,1960-01-01 00:00:00,3320.77
461,21160516,100,85,5,85,M,1986-01-01 00:00:00,3580.65
462,21160516,100,85,5,85,M,1987-01-01 00:00:00,3099.16
463,16740968,0,95,1,85,M,1979-01-01 00:00:00,2673
464,21111193,-100,85,5,85,M,1963-01-01 00:00:00,1650
465,100965534,100,85,35,85,M,,0
466,22214226,100,85,5,85,M,1968-01-01 00:00:00,4875.67
467,101364980,0,65,65,75,M,1990-01-01 00:00:00,4200
468,101364980,0,65,65,75,F,1986-01-01 00:00:00,50
469,100271894,100,95,1,95,M,1983-01-01 00:00:00,7344.32
470,22168565,100,95,1,95,F,1989-01-01 00:00:00,2973.76
471,22168565,100,95,1,95,M,1988-01-01 00:00:00,2200
472,20490264,100,95,5,95,F,1956-01-01 00:00:00,450
473,20490264,100,95,5,95,M,1955-01-01 00:00:00,4280
474,21715706,100,85,20,75,M,1984-01-01 00:00:00,5665.86
475,19705075,100,85,20,85,F,1981-01-01 00:00:00,3412
476,19705075,100,85,20,85,M,1980-01-01 00:00:00,2925
477,101081253,-100,65,35,85,M,1969-01-01 00:00:00,25000
478,100274465,100,95,5,95,M,1988-01-01 00:00:00,4260.84
479,100274465,100,95,5,95,F,1989-01-01 00:00:00,3713
480,100227922,100,75,20,85,M,1977-01-01 00:00:00,2593.18
481,100227922,100,75,20,85,F,1994-01-01 00:00:00,1516.67
482,101668046,0,85,5,85,M,,3250
483,21957062,100,65,20,85,M,1985-01-01 00:00:00,4950
484,21957062,100,65,20,85,F,1988-01-01 00:00:00,3800
485,16357722,100,85,1,85,M,1966-01-01 00:00:00,3611.86
486,21814689,100,85,1,85,M,1997-01-01 00:00:00,0
487,21814689,100,85,1,85,F,1936-01-01 00:00:00,27740.86
488,20605671,100,85,15,85,M,1968-01-01 00:00:00,4252
489,10820774,100,85,5,85,M,1982-01-01 00:00:00,2603.49
490,10820774,100,85,5,85,F,1987-01-01 00:00:00,2472.31
491,100539989,100,85,5,85,F,1985-01-01 00:00:00,2714.9
492,100539989,100,85,5,85,M,1984-01-01 00:00:00,3204.32
493,19505230,100,85,20,85,F,1995-01-01 00:00:00,2280
494,21980322,100,65,20,85,M,1980-01-01 00:00:00,3600
495,12943181,100,75,5,85,M,1960-01-01 00:00:00,5046.87
496,12943181,100,75,5,85,F,1968-01-01 00:00:00,-383.89
497,20103761,100,85,5,85,F,1964-01-01 00:00:00,4081.67
498,20103761,100,85,5,85,M,1964-01-01 00:00:00,1439.43
499,21993932,100,65,5,85,M,1998-01-01 00:00:00,2421
500,21993932,100,65,5,85,M,1946-01-01 00:00:00,2200
501,100299585,-100,85,20,85,M,1978-01-01 00:00:00,3089.83
502,100299585,-100,85,20,85,F,1979-01-01 00:00:00,1200
503,22085330,0,85,5,85,M,1979-01-01 00:00:00,1060
504,22085330,0,85,5,85,F,1978-01-01 00:00:00,1837
505,100249273,0,85,5,85,M,,4000
506,13088756,100,85,15,85,M,1974-01-01 00:00:00,5490
507,13088756,100,85,15,85,F,1979-01-01 00:00:00,0
508,100968397,100,85,20,85,F,1983-01-01 00:00:00,1823
509,100968397,100,85,20,85,M,1982-01-01 00:00:00,2500
510,100800222,100,-100,35,85,M,,0
511,101861346,0,75,15,85,M,2000-01-01 00:00:00,2413.83
512,100941811,100,95,1,85,F,1973-01-01 00:00:00,3900
513,100941811,100,95,1,85,M,1981-01-01 00:00:00,2200
514,18962371,100,85,5,85,F,1988-01-01 00:00:00,2117.08
515,18962371,100,85,5,85,M,1986-01-01 00:00:00,2979.87
516,100152348,100,85,5,85,F,1990-01-01 00:00:00,2330.14
517,100152348,100,85,5,85,M,1986-01-01 00:00:00,3095.64
518,4141864,100,85,35,85,M,1962-01-01 00:00:00,4943
519,19985495,100,85,20,85,F,1972-01-01 00:00:00,3235
520,19985495,100,85,20,85,M,1972-01-01 00:00:00,6260.29
521,6323999,100,85,1,85,M,1968-01-01 00:00:00,2086.5
522,6323999,100,85,1,85,F,1970-01-01 00:00:00,1507.02
523,22148834,100,85,20,85,M,1969-01-01 00:00:00,4205.33
524,14042926,100,85,5,85,F,1972-01-01 00:00:00,3435
525,14042926,100,85,5,85,M,1967-01-01 00:00:00,4426
526,22182948,100,85,20,85,M,1977-01-01 00:00:00,1971.8
527,22182948,100,85,20,85,F,1979-01-01 00:00:00,2152.36
528,21631200,100,85,1,85,M,1985-01-01 00:00:00,1715.59
529,9438198,100,85,15,85,M,1941-01-01 00:00:00,1581.87
530,9438198,100,85,15,85,F,1949-01-01 00:00:00,2241.3
531,21178815,100,85,20,85,M,1971-01-01 00:00:00,4083.33
532,101014598,100,85,20,85,F,1989-01-01 00:00:00,5176.51
533,101014598,100,85,20,85,M,1976-01-01 00:00:00,2500
534,21183155,100,85,1,85,M,1943-01-01 00:00:00,5525.36
535,12214990,0,95,1,85,M,1980-01-01 00:00:00,5405.5
536,12214990,0,95,1,85,F,1978-01-01 00:00:00,0
537,12521237,100,85,20,85,M,1987-01-01 00:00:00,3437.5
538,18733812,100,85,20,85,M,1982-01-01 00:00:00,4900
539,18733812,100,85,20,85,F,1984-01-01 00:00:00,1058
540,7888301,100,85,5,85,M,1984-01-01 00:00:00,930.51
541,7888301,100,85,5,85,F,1984-01-01 00:00:00,1316.32
542,20467571,100,85,5,85,F,1992-01-01 00:00:00,1700
543,20467571,100,85,5,85,M,1992-01-01 00:00:00,4075
544,20213850,-100,65,75,75,F,1977-01-01 00:00:00,1600.22
545,20213850,-100,65,75,75,M,1977-01-01 00:00:00,28333.98
546,18463473,100,65,20,85,F,1976-01-01 00:00:00,8942.83
547,20977293,100,65,20,85,F,1982-01-01 00:00:00,438
548,20977293,100,65,20,85,M,1979-01-01 00:00:00,3226.62
549,19331053,0,85,20,85,M,1991-01-01 00:00:00,3250
550,100531675,100,95,1,85,F,1990-01-01 00:00:00,2785.33
551,100531675,100,95,1,85,M,1988-01-01 00:00:00,2554.1
552,100227452,-100,20,85,45,M,1965-01-01 00:00:00,2900
553,100554347,100,45,20,85,M,1983-01-01 00:00:00,2593.43
554,100554347,100,45,20,85,F,1986-01-01 00:00:00,2315.98
555,17224715,100,85,5,85,M,1978-01-01 00:00:00,2700
556,17224715,100,85,5,85,F,1984-01-01 00:00:00,4333.33
557,14563887,100,85,5,95,M,1959-01-01 00:00:00,5722.4
558,14563887,100,85,5,95,F,1960-01-01 00:00:00,1990.67
559,16962256,100,85,5,85,M,1988-01-01 00:00:00,3660.44
560,16962256,100,85,5,85,F,1984-01-01 00:00:00,1300
561,5530517,0,85,50,50,F,1963-01-01 00:00:00,1100
562,5530517,0,85,50,50,M,1963-01-01 00:00:00,2700
563,14134713,100,-100,5,85,M,1978-01-01 00:00:00,7356.68
564,21982788,100,45,20,85,M,1946-01-01 00:00:00,6750
565,21982788,100,45,20,85,F,1947-01-01 00:00:00,600
566,100631546,100,50,75,85,M,1961-01-01 00:00:00,3451.05
567,100631546,100,50,75,85,F,1972-01-01 00:00:00,2736.38
568,16210295,100,85,1,85,F,1965-01-01 00:00:00,3054.17
569,20249787,0,85,20,85,M,1975-01-01 00:00:00,2800
570,20249787,0,85,20,85,F,1976-01-01 00:00:00,1000
571,4171297,100,85,35,85,F,1973-01-01 00:00:00,0
572,4171297,100,85,35,85,M,1971-01-01 00:00:00,3286.29
573,21131816,100,65,20,85,F,1964-01-01 00:00:00,0
574,21131816,100,65,20,85,M,1963-01-01 00:00:00,3642.96
575,21303444,-100,85,20,85,F,1992-01-01 00:00:00,1954.79
576,21303444,-100,85,20,85,M,1991-01-01 00:00:00,4006.52
577,100532248,0,85,20,85,M,1966-01-01 00:00:00,2445.83
578,100532248,0,85,20,85,F,1966-01-01 00:00:00,1266
579,101753391,0,45,85,85,F,1960-01-01 00:00:00,1791
580,100337703,100,85,5,85,M,1970-01-01 00:00:00,11817
581,100337703,100,85,5,85,F,1974-01-01 00:00:00,0
582,13754427,100,85,1,85,M,1954-01-01 00:00:00,3745.94
583,13754427,100,85,1,85,F,1966-01-01 00:00:00,1328.87
584,100964363,100,50,5,85,M,1971-01-01 00:00:00,3950
585,18376889,100,85,5,85,M,1982-01-01 00:00:00,2716.5
586,18376889,100,85,5,85,F,1986-01-01 00:00:00,2700
587,100843139,-100,45,75,65,F,1980-01-01 00:00:00,2800
588,100843139,-100,45,75,65,M,1980-01-01 00:00:00,1624
589,21457713,0,85,5,85,M,1984-01-01 00:00:00,5144.34
590,21457713,0,85,5,85,F,1984-01-01 00:00:00,3208.32
591,100784047,100,85,5,85,F,1987-01-01 00:00:00,600
592,100784047,100,85,5,85,M,1984-01-01 00:00:00,1816.67
593,21676298,100,85,0,85,M,1982-01-01 00:00:00,4898.3
594,21676298,100,85,0,85,F,1994-01-01 00:00:00,2519
595,101103070,100,85,5,85,F,1990-01-01 00:00:00,3220.71
596,11197557,100,-100,5,85,F,1959-01-01 00:00:00,3026.14
597,100269972,100,85,15,85,M,1982-01-01 00:00:00,6625.5
598,100269972,100,85,15,85,F,1985-01-01 00:00:00,3454.88
599,19832529,100,85,20,85,M,1964-01-01 00:00:00,3576.04
600,19832529,100,85,20,85,F,1961-01-01 00:00:00,2573
601,100053495,100,75,20,85,M,1979-01-01 00:00:00,3408.48
602,100053495,100,75,20,85,F,1984-01-01 00:00:00,0
603,19171092,100,85,20,85,M,1990-01-01 00:00:00,2320.65
604,19171092,100,85,20,85,F,1993-01-01 00:00:00,2446.3
605,21445547,100,85,20,85,F,1982-01-01 00:00:00,9016
606,21445547,100,85,20,85,F,1964-01-01 00:00:00,0
607,10884304,0,85,5,85,M,1985-01-01 00:00:00,3116.77
608,10884304,0,85,5,85,M,1983-01-01 00:00:00,1666.34
609,100859899,0,85,20,85,M,1987-01-01 00:00:00,5417.35
610,100859899,0,85,20,85,F,1991-01-01 00:00:00,0
611,21895821,100,50,20,85,M,1994-01-01 00:00:00,4100
612,21919015,100,85,5,85,M,1976-01-01 00:00:00,5500
613,21919015,100,85,5,85,F,1983-01-01 00:00:00,
614,22031676,100,75,35,85,F,1961-01-01 00:00:00,3400
615,22066390,100,50,20,85,M,1981-01-01 00:00:00,732.68
616,22066390,100,50,20,85,M,1973-01-01 00:00:00,3387.03
617,100672531,100,85,20,85,F,1994-01-01 00:00:00,2622
618,100672531,100,85,20,85,M,1985-01-01 00:00:00,1559
619,10538812,100,85,5,85,M,1965-01-01 00:00:00,3757.09
620,10538812,100,85,5,85,F,1979-01-01 00:00:00,4535.34
621,21929959,100,85,1,85,M,1945-01-01 00:00:00,4240.82
622,21929959,100,85,1,85,F,1951-01-01 00:00:00,477.79
623,6806616,100,85,20,85,M,1966-01-01 00:00:00,3534
624,21810757,100,85,15,85,M,1979-01-01 00:00:00,5458.12
625,21810757,100,85,15,85,F,1985-01-01 00:00:00,0
626,20254385,100,85,20,85,M,1982-01-01 00:00:00,8936.03
627,20254385,100,85,20,85,F,1982-01-01 00:00:00,3542.46
628,101329223,100,-100,-100,85,M,1966-01-01 00:00:00,3120.18
629,101329223,100,-100,-100,85,F,1971-01-01 00:00:00,2648.23
630,17650758,100,85,5,85,M,1970-01-01 00:00:00,2582.7
631,17650758,100,85,5,85,F,1973-01-01 00:00:00,1640.79
632,20385012,100,85,5,85,F,,0
633,20872404,100,85,15,85,M,1968-01-01 00:00:00,9018.95
634,20872404,100,85,15,85,F,1967-01-01 00:00:00,6167.5
635,14247480,100,85,1,85,M,1980-01-01 00:00:00,3181.7
636,14247480,100,85,1,85,F,1986-01-01 00:00:00,478
637,100336466,100,65,65,85,F,1977-01-01 00:00:00,2491.67
638,100336466,100,65,65,85,M,1998-01-01 00:00:00,1625
639,101719965,0,85,20,85,F,1963-01-01 00:00:00,2076.34
640,101719965,0,85,20,85,M,1958-01-01 00:00:00,2189.23
641,100217977,100,85,5,85,M,1965-01-01 00:00:00,4536.98
642,20032233,100,85,1,95,F,1994-01-01 00:00:00,2687
643,20032233,100,85,1,95,M,1991-01-01 00:00:00,2070
644,22016564,100,85,5,85,M,1950-01-01 00:00:00,1800
645,21755772,100,85,5,85,M,1978-01-01 00:00:00,2400
646,21755772,100,85,5,85,F,1982-01-01 00:00:00,2739
647,20886023,100,85,5,85,F,1975-01-01 00:00:00,3479.34
648,20886023,100,85,5,85,M,1964-01-01 00:00:00,3423.23
649,100208620,100,85,20,85,F,1969-01-01 00:00:00,4127
650,20158316,100,85,20,85,F,1967-01-01 00:00:00,2307.16
651,100490183,100,85,20,85,M,,7800
652,15137119,100,85,5,85,M,1973-01-01 00:00:00,4125
653,15137119,100,85,5,85,F,1975-01-01 00:00:00,450
654,18548677,100,85,5,85,F,1988-01-01 00:00:00,3033.32
655,18548677,100,85,5,85,M,1984-01-01 00:00:00,2289.44
656,18332114,100,85,5,85,M,1961-01-01 00:00:00,2600
657,100010232,0,85,5,85,M,1941-01-01 00:00:00,2434
658,20343284,100,85,5,85,M,1970-01-01 00:00:00,3182.94
659,20343284,100,85,5,85,M,1976-01-01 00:00:00,1398.1
660,21551164,100,85,20,85,F,1979-01-01 00:00:00,2788
661,21551164,100,85,20,85,M,1978-01-01 00:00:00,3690
662,101506577,100,85,5,85,M,1984-01-01 00:00:00,5566.67
663,101506577,100,85,5,85,F,1987-01-01 00:00:00,2070
664,19979415,100,85,5,85,F,1951-01-01 00:00:00,1230.14
665,19979415,100,85,5,85,M,1949-01-01 00:00:00,1827.36
666,101098509,100,85,5,85,F,1994-01-01 00:00:00,2476.31
667,19316567,0,75,20,85,M,1971-01-01 00:00:00,11896.78
668,6807487,100,75,15,85,F,1967-01-01 00:00:00,184
669,6807487,100,75,15,85,M,1959-01-01 00:00:00,2571.21
670,6498971,100,95,1,95,F,1964-01-01 00:00:00,2800
671,17731589,100,85,1,85,M,1966-01-01 00:00:00,7159.48
672,17731589,100,85,1,85,F,1970-01-01 00:00:00,618
673,10273218,100,85,5,85,M,1947-01-01 00:00:00,2303.62
674,10273218,100,85,5,85,F,1949-01-01 00:00:00,668.35
675,100051351,100,85,20,85,M,1965-01-01 00:00:00,2941.67
676,7087066,100,85,20,85,M,1977-01-01 00:00:00,1200
677,7087066,100,85,20,85,F,1980-01-01 00:00:00,2268
678,20104439,100,85,5,85,M,1983-01-01 00:00:00,3250
679,100031378,100,75,20,85,M,1965-01-01 00:00:00,5857.88
680,100031378,100,75,20,85,F,1981-01-01 00:00:00,923.69
681,19455608,0,85,5,85,M,1967-01-01 00:00:00,3696.92
682,21775286,0,75,75,75,M,1957-01-01 00:00:00,0
683,100811398,100,85,20,85,M,1976-01-01 00:00:00,10200
684,100811398,100,85,20,85,F,1980-01-01 00:00:00,4766.67
685,14505193,100,85,0,85,F,1976-01-01 00:00:00,2838.85
686,100921825,100,85,20,85,M,1980-01-01 00:00:00,2394
687,100921825,100,85,20,85,F,1986-01-01 00:00:00,2168.52
688,18329244,0,85,5,85,F,1977-01-01 00:00:00,3500
689,18329244,0,85,5,85,M,1973-01-01 00:00:00,5500
690,17680478,100,85,20,85,M,1984-01-01 00:00:00,3457.96
691,22018209,100,95,1,85,F,1974-01-01 00:00:00,851.29
692,22018209,100,95,1,85,M,1972-01-01 00:00:00,3689.51
693,16503520,100,85,5,95,M,1988-01-01 00:00:00,1873.1
694,21442209,100,85,20,85,M,1977-01-01 00:00:00,9200
695,21442209,100,85,20,85,F,1988-01-01 00:00:00,1719
696,100214123,100,65,15,85,M,,0
697,20762005,100,85,5,85,M,1982-01-01 00:00:00,8786.42
698,100092856,100,85,20,85,M,1976-01-01 00:00:00,3852.25
699,19089937,100,85,5,85,M,1980-01-01 00:00:00,2600
700,19089937,100,85,5,85,,,2900
701,7114742,100,85,5,85,F,1973-01-01 00:00:00,58
702,7114742,100,85,5,85,M,1974-01-01 00:00:00,3793.54
703,20514069,100,85,15,85,M,1984-01-01 00:00:00,4390.96
704,21924422,100,95,1,85,M,1960-01-01 00:00:00,7051.04
705,21924422,100,95,1,85,F,1965-01-01 00:00:00,0
706,100784012,100,85,5,85,F,1964-01-01 00:00:00,1211.65
707,100784012,100,85,5,85,M,1960-01-01 00:00:00,3502.66
708,100181491,100,-100,35,85,M,,2000
709,101020689,100,-100,35,85,F,,6000
710,100806006,100,85,5,85,M,1988-01-01 00:00:00,4640.77
711,100806006,100,85,5,85,F,1990-01-01 00:00:00,975
712,19043327,0,85,20,85,M,1977-01-01 00:00:00,3176.23
713,19043327,0,85,20,85,F,1975-01-01 00:00:00,1725.71
714,100639758,0,75,5,85,M,,6000
715,21365583,100,95,1,85,M,1964-01-01 00:00:00,4472
716,21365583,100,95,1,85,F,1966-01-01 00:00:00,788
717,18934068,0,85,5,85,M,1965-01-01 00:00:00,4220.83
718,18934068,0,85,5,85,F,1967-01-01 00:00:00,1300
719,22035285,100,85,20,85,F,1991-01-01 00:00:00,2842.3
720,20365505,100,85,20,85,M,1988-01-01 00:00:00,11125
721,20365505,100,85,20,85,F,1989-01-01 00:00:00,1001.44
722,14201432,100,85,5,85,M,1981-01-01 00:00:00,2434.73
723,101025677,100,50,20,85,M,1988-01-01 00:00:00,5595
724,101025677,100,50,20,85,F,1983-01-01 00:00:00,6032.59
725,14909949,100,45,85,65,,1960-01-01 00:00:00,2870.83
726,14909949,100,45,85,65,F,1967-01-01 00:00:00,500
727,11100758,100,85,20,85,M,1969-01-01 00:00:00,4972.51
728,100335989,100,85,5,95,F,1962-01-01 00:00:00,1500
729,21363199,100,85,5,85,F,1988-01-01 00:00:00,2938.5
730,20667221,100,75,5,85,M,1979-01-01 00:00:00,11090.79
731,20667221,100,75,5,85,F,1981-01-01 00:00:00,1945.34
732,12216450,100,85,1,85,M,1971-01-01 00:00:00,2600.66
733,16917553,0,85,5,85,M,1977-01-01 00:00:00,7912.36
734,16917553,0,85,5,85,F,1979-01-01 00:00:00,1100
735,6122668,0,85,35,85,M,1978-01-01 00:00:00,3000
736,6122668,0,85,35,85,F,1978-01-01 00:00:00,2457
737,13418177,100,85,5,85,M,1964-01-01 00:00:00,5774
738,13418177,100,85,5,85,F,1972-01-01 00:00:00,1302.77
739,19827495,100,85,1,85,M,1967-01-01 00:00:00,4838.86
740,19827495,100,85,1,85,F,1966-01-01 00:00:00,-169.96
741,22239291,100,85,1,85,M,1983-01-01 00:00:00,8356
742,22239291,100,85,1,85,F,1992-01-01 00:00:00,5200
743,100701806,-100,85,20,85,M,1986-01-01 00:00:00,2742.18
744,100701806,-100,85,20,85,F,1988-01-01 00:00:00,2975
745,22081976,100,75,20,85,F,1969-01-01 00:00:00,2575.08
746,101077155,100,85,5,85,F,1976-01-01 00:00:00,3734.09
747,101137908,100,75,20,85,M,1981-01-01 00:00:00,4150
748,101137908,100,75,20,85,F,1981-01-01 00:00:00,1000
749,16105171,100,85,5,85,M,1987-01-01 00:00:00,3370.89
750,16105171,100,85,5,85,F,1986-01-01 00:00:00,3304.34
751,18504678,-100,85,1,85,M,1995-01-01 00:00:00,545
752,18504678,-100,85,1,85,F,1996-01-01 00:00:00,2387.33
753,19403779,100,85,5,85,M,1978-01-01 00:00:00,3108
754,19403779,100,85,5,85,F,1985-01-01 00:00:00,2600
755,20678422,100,85,20,85,M,1973-01-01 00:00:00,1843.76
756,20678422,100,85,20,85,F,1971-01-01 00:00:00,2455.45
757,18723835,100,65,85,65,M,1969-01-01 00:00:00,4102.82
758,18723835,100,65,85,65,F,1977-01-01 00:00:00,1524.38
759,100055542,0,85,5,85,M,,8400
760,7150252,100,50,5,85,F,1975-01-01 00:00:00,2066.32
761,100850548,100,95,5,85,M,1972-01-01 00:00:00,4680
762,100850548,100,95,5,85,F,1970-01-01 00:00:00,435
763,101049153,100,95,5,85,M,1993-01-01 00:00:00,2986.67
764,101049153,100,95,5,85,F,1996-01-01 00:00:00,2500
765,20913834,100,65,85,65,M,1978-01-01 00:00:00,3319.58
766,20913834,100,65,85,65,F,1984-01-01 00:00:00,2754.96
767,17862369,100,85,5,85,M,1968-01-01 00:00:00,2377.34
768,17862369,100,85,5,85,F,1970-01-01 00:00:00,2736.01
769,21320698,100,45,20,85,F,1981-01-01 00:00:00,1919
770,21320698,100,45,20,85,M,,3000
771,19769808,100,85,5,85,M,1985-01-01 00:00:00,3537.33
772,100226491,0,85,20,85,F,1978-01-01 00:00:00,1659.95
773,101107400,100,65,1,85,M,1975-01-01 00:00:00,3100
774,101107400,100,65,1,85,F,1983-01-01 00:00:00,0
775,21120966,100,65,20,85,M,1981-01-01 00:00:00,8901.65
776,14273252,100,95,0,85,M,1954-01-01 00:00:00,3615.9
777,14273252,100,95,0,85,F,1947-01-01 00:00:00,1473.02
778,101104189,100,85,20,85,M,1977-01-01 00:00:00,2404.25
779,101104189,100,85,20,85,F,1978-01-01 00:00:00,4528
780,22172802,100,85,20,85,F,1977-01-01 00:00:00,2927.33
781,22172802,100,85,20,85,M,1980-01-01 00:00:00,5091.67
782,21594105,100,85,20,85,M,1976-01-01 00:00:00,3636
783,8075243,100,85,1,85,M,1967-01-01 00:00:00,3771.91
784,8075243,100,85,1,85,F,1971-01-01 00:00:00,600.56
785,16040558,100,85,5,85,M,1988-01-01 00:00:00,3719.87
786,16040558,100,85,5,85,F,1988-01-01 00:00:00,983.19
787,4983335,100,85,50,75,M,1974-01-01 00:00:00,3030
788,4983335,100,85,50,75,F,1978-01-01 00:00:00,1911
789,100329352,100,85,5,85,M,1981-01-01 00:00:00,3617.77
790,100329352,100,85,5,85,F,1985-01-01 00:00:00,1292.81
791,100705664,100,85,20,85,F,,12000
792,18929476,100,85,20,85,F,1980-01-01 00:00:00,3909
793,100792839,100,75,20,75,M,1973-01-01 00:00:00,4344.67
794,100792839,100,75,20,75,F,1972-01-01 00:00:00,2007.39
795,19658616,100,85,5,85,M,1989-01-01 00:00:00,6205
796,19658616,100,85,5,85,F,1990-01-01 00:00:00,2533.86
797,101334816,-100,45,65,85,M,1997-01-01 00:00:00,4056
798,101334816,-100,45,65,85,F,,3149
799,14052921,100,75,20,85,F,1969-01-01 00:00:00,2700.15
800,14052921,100,75,20,85,M,1965-01-01 00:00:00,2198.58
801,21061767,100,85,20,85,M,,
802,21061767,100,85,20,85,F,,0
803,17400337,100,85,20,85,F,1984-01-01 00:00:00,1796.76
804,17400337,100,85,20,85,M,1980-01-01 00:00:00,2488.05
805,21569326,100,45,75,85,F,1974-01-01 00:00:00,2770
806,21569326,100,45,75,85,M,1972-01-01 00:00:00,4936.17
807,16530411,100,85,5,85,M,1944-01-01 00:00:00,3565.85
808,16530411,100,85,5,85,F,1948-01-01 00:00:00,1059.04
809,10314734,100,85,5,85,M,1975-01-01 00:00:00,4830.57
810,16942334,100,95,1,95,M,1950-01-01 00:00:00,5500
811,16942334,100,95,1,95,F,1955-01-01 00:00:00,772.56
812,13182354,100,85,20,85,M,1982-01-01 00:00:00,2734.31
813,13182354,100,85,20,85,F,1982-01-01 00:00:00,1330.2
814,100163858,100,85,5,85,F,1990-01-01 00:00:00,3269.63
815,100469932,100,85,5,85,M,1978-01-01 00:00:00,3250
816,100469932,100,85,5,85,F,1979-01-01 00:00:00,1750
817,21257796,100,85,5,85,M,1980-01-01 00:00:00,2733.15
818,21257796,100,85,5,85,F,1981-01-01 00:00:00,1921.96
819,101122190,100,85,20,85,F,1991-01-01 00:00:00,2800
820,101122190,100,85,20,85,M,1989-01-01 00:00:00,3078.05
821,100454915,100,95,5,95,M,1976-01-01 00:00:00,-3.33
822,100454915,100,95,5,95,F,1974-01-01 00:00:00,6539.1
823,20715431,100,85,20,85,M,1973-01-01 00:00:00,6907.95
824,20701003,100,85,5,85,F,1977-01-01 00:00:00,2166.62
825,20701003,100,85,5,85,M,1973-01-01 00:00:00,3091.59
826,100664512,100,85,5,85,F,1978-01-01 00:00:00,2855.83
827,100664512,100,85,5,85,M,1972-01-01 00:00:00,5156.67
828,21968234,100,85,20,85,F,1960-01-01 00:00:00,2732.76
829,101967237,100,-100,-100,85,M,,4300
830,9374542,100,85,5,85,M,1951-01-01 00:00:00,959
831,9374542,100,85,5,85,F,1950-01-01 00:00:00,694
832,100398144,100,45,20,85,M,1946-01-01 00:00:00,2500
833,100398144,100,45,20,85,F,1949-01-01 00:00:00,1800
834,100766534,100,85,5,85,F,1990-01-01 00:00:00,2650
835,100766534,100,85,5,85,M,1988-01-01 00:00:00,4810.13
836,101111033,100,85,5,85,M,1989-01-01 00:00:00,3058.43
837,101111033,100,85,5,85,F,1988-01-01 00:00:00,1656.59
838,101089202,-100,85,15,85,M,,5001
839,101229586,0,85,20,85,F,1985-01-01 00:00:00,4600
840,101229586,0,85,20,85,M,1979-01-01 00:00:00,4076
841,100025529,100,85,20,85,M,1986-01-01 00:00:00,1981.89
842,100025529,100,85,20,85,F,1988-01-01 00:00:00,1986
843,19708446,100,85,5,85,M,1974-01-01 00:00:00,9718
844,19708446,100,85,5,85,F,1972-01-01 00:00:00,0
845,101764467,100,85,20,85,F,,0
846,19515212,100,85,15,85,M,1984-01-01 00:00:00,5713.33
847,19515212,100,85,15,85,F,1986-01-01 00:00:00,2166.67
848,100877014,100,85,65,85,F,1988-01-01 00:00:00,1691.67
849,100877014,100,85,65,85,M,1986-01-01 00:00:00,4600
850,17122318,-100,85,5,85,F,1977-01-01 00:00:00,4856.33
851,21221472,100,85,15,85,F,1981-01-01 00:00:00,7870.53
852,100450781,100,50,5,85,F,,5000
853,19968237,100,85,20,85,M,1984-01-01 00:00:00,2724
854,19968237,100,85,20,85,F,1985-01-01 00:00:00,2301.5
855,101751834,0,75,5,85,M,1964-01-01 00:00:00,7257.83
856,101751834,0,75,5,85,F,1964-01-01 00:00:00,538
857,100125463,0,-100,-100,85,M,1965-01-01 00:00:00,
858,100125463,0,-100,-100,85,F,1966-01-01 00:00:00,
859,20556653,-100,-100,35,85,F,1976-01-01 00:00:00,2307
860,20556653,-100,-100,35,85,M,1974-01-01 00:00:00,380
861,20584284,100,95,1,85,M,1963-01-01 00:00:00,3214.77
862,20584284,100,95,1,85,F,1959-01-01 00:00:00,3950.61
863,22141646,100,45,20,85,F,1976-01-01 00:00:00,-231
864,22141646,100,45,20,85,M,1976-01-01 00:00:00,5671.1
865,20709587,100,65,65,75,M,1975-01-01 00:00:00,3700
866,20709587,100,65,65,75,F,1976-01-01 00:00:00,4163
867,101004629,100,85,20,85,M,1985-01-01 00:00:00,1890.31
868,101004629,100,85,20,85,F,1989-01-01 00:00:00,4040.17
869,100883437,100,95,1,85,M,1963-01-01 00:00:00,3500
870,100883437,100,95,1,85,F,1961-01-01 00:00:00,0
871,20882131,0,85,5,85,F,1964-01-01 00:00:00,3258
872,100913220,100,85,0,85,M,1985-01-01 00:00:00,4612.5
873,100913220,100,85,0,85,F,1984-01-01 00:00:00,3101.97
874,15498847,100,85,5,85,M,1971-01-01 00:00:00,4500
875,15498847,100,85,5,85,F,1970-01-01 00:00:00,2500
876,12244932,100,85,20,85,F,1981-01-01 00:00:00,2020
877,12244932,100,85,20,85,M,1979-01-01 00:00:00,0
878,100712384,100,-100,35,85,F,,0
879,101331703,-100,85,20,85,F,,
880,101432811,100,45,75,85,M,1987-01-01 00:00:00,2938.31
881,101432811,100,45,75,85,F,1995-01-01 00:00:00,1592.56
882,17178292,-100,85,5,85,M,1984-01-01 00:00:00,4945.5
883,21523876,100,85,5,85,F,1980-01-01 00:00:00,2110
884,21523876,100,85,5,85,M,1982-01-01 00:00:00,4413
885,19241891,100,85,5,85,M,1980-01-01 00:00:00,10674
886,15054283,100,75,20,85,M,1989-01-01 00:00:00,2738.67
887,15054283,100,75,20,85,F,1991-01-01 00:00:00,1355.8
888,100662133,100,85,20,85,F,1985-01-01 00:00:00,2704
889,100662133,100,85,20,85,M,1984-01-01 00:00:00,2176
890,100966123,100,-100,-100,85,M,1991-01-01 00:00:00,4366.67
891,100966123,100,-100,-100,85,F,1990-01-01 00:00:00,0
892,21243725,100,45,85,65,M,1967-01-01 00:00:00,6646.21
893,21243725,100,45,85,65,F,1970-01-01 00:00:00,1084.06
894,21443340,100,85,20,85,F,1987-01-01 00:00:00,5450
895,21443340,100,85,20,85,M,1981-01-01 00:00:00,6190
896,17219079,100,85,5,85,M,1964-01-01 00:00:00,3611.5
897,17219079,100,85,5,85,F,1966-01-01 00:00:00,756.83
898,101450504,100,85,5,85,M,1980-01-01 00:00:00,2455
899,100179147,100,85,5,85,F,1978-01-01 00:00:00,3871.16
900,100179147,100,85,5,85,M,1980-01-01 00:00:00,2658.55
901,7473332,100,85,20,85,M,1963-01-01 00:00:00,4118.55
902,7473332,100,85,20,85,F,1969-01-01 00:00:00,696.1
903,19282300,100,85,5,85,M,1989-01-01 00:00:00,2800.48
904,19282300,100,85,5,85,F,1992-01-01 00:00:00,2079.21
905,19022087,0,45,85,75,F,1992-01-01 00:00:00,2145
906,19022087,0,45,85,75,M,1991-01-01 00:00:00,2383.33
907,20837760,100,85,5,85,M,1959-01-01 00:00:00,9383
908,20837760,100,85,5,85,F,1960-01-01 00:00:00,0
909,21991408,100,85,20,85,F,1962-01-01 00:00:00,2700
910,21991408,100,85,20,85,M,1961-01-01 00:00:00,2820
911,100868828,100,85,5,85,M,1978-01-01 00:00:00,5679.35
912,22011936,100,85,20,85,M,1987-01-01 00:00:00,3369
913,15270705,100,85,5,85,F,1971-01-01 00:00:00,3677.44
914,100012415,100,85,5,85,M,1950-01-01 00:00:00,3810.43
915,100012415,100,85,5,85,F,1950-01-01 00:00:00,509
916,16710970,100,85,15,85,M,1970-01-01 00:00:00,4962
917,16710970,100,85,15,85,F,,1838
918,16987238,0,85,5,85,F,1984-01-01 00:00:00,3479
919,16987238,0,85,5,85,M,1979-01-01 00:00:00,5500
920,18976815,100,75,20,75,M,1983-01-01 00:00:00,2776
921,18976815,100,75,20,75,F,1995-01-01 00:00:00,1148
922,21255710,100,85,5,85,F,1992-01-01 00:00:00,2486.8
923,21255710,100,85,5,85,M,1984-01-01 00:00:00,5636.44
924,22040802,100,85,20,85,M,1976-01-01 00:00:00,2721.67
925,16112461,100,100,1,95,F,1964-01-01 00:00:00,450
926,16112461,100,100,1,95,M,1966-01-01 00:00:00,4596.11
927,21297502,100,85,1,85,M,1984-01-01 00:00:00,3522.84
928,21297502,100,85,1,85,F,1986-01-01 00:00:00,0
929,22225168,100,85,1,85,F,1977-01-01 00:00:00,943.35
930,22225168,100,85,1,85,M,1976-01-01 00:00:00,5265.06
931,21839897,0,85,1,85,M,1983-01-01 00:00:00,2400
932,21839897,0,85,1,85,F,1983-01-01 00:00:00,750.19
933,101492716,100,65,20,85,M,1968-01-01 00:00:00,8631.4
934,101492716,100,65,20,85,F,1967-01-01 00:00:00,-250
935,20302243,100,95,0,85,M,1968-01-01 00:00:00,6514.24
936,20302243,100,95,0,85,F,1972-01-01 00:00:00,3122.91
937,16082828,100,85,5,85,F,1984-01-01 00:00:00,2170.05
938,22191041,100,85,20,85,M,1976-01-01 00:00:00,4595.79
939,22191041,100,85,20,85,F,1982-01-01 00:00:00,1676.05
940,21810493,100,85,5,85,M,1981-01-01 00:00:00,5000
941,21810493,100,85,5,85,F,1981-01-01 00:00:00,2408
942,20186501,100,85,5,85,M,1987-01-01 00:00:00,4200
943,20186501,100,85,5,85,F,1989-01-01 00:00:00,2596
944,7612936,100,85,1,85,F,1981-01-01 00:00:00,1420.14
945,7612936,100,85,1,85,M,1977-01-01 00:00:00,2137.22
946,13927700,100,85,20,85,M,1981-01-01 00:00:00,2395.83
947,13927700,100,85,20,85,F,1982-01-01 00:00:00,1572
948,15588471,100,65,20,85,F,1989-01-01 00:00:00,1
949,15588471,100,65,20,85,M,1986-01-01 00:00:00,2759.39
950,100412593,0,85,5,85,M,1969-01-01 00:00:00,2500
951,5231676,100,85,5,85,M,1975-01-01 00:00:00,2814.58
952,5231676,100,85,5,85,F,1978-01-01 00:00:00,368
953,16655746,100,85,15,85,M,1980-01-01 00:00:00,3046.68
954,16655746,100,85,15,85,F,1987-01-01 00:00:00,2622.09
955,100696976,100,85,5,85,F,1962-01-01 00:00:00,7038
956,17614336,100,95,1,95,F,1986-01-01 00:00:00,2112.23
957,17614336,100,95,1,95,M,1988-01-01 00:00:00,3400
958,18869878,100,75,5,85,M,1990-01-01 00:00:00,2841.7
959,14775637,100,85,20,85,M,1976-01-01 00:00:00,4130.26
960,21133209,100,85,5,85,F,1991-01-01 00:00:00,4039.97
961,21133209,100,85,5,85,M,1994-01-01 00:00:00,2111.84
962,20251865,100,85,20,85,M,1955-01-01 00:00:00,3627.85
963,17416824,100,65,20,85,F,1992-01-01 00:00:00,2762.5
964,17416824,100,65,20,85,M,1989-01-01 00:00:00,4068
965,12352584,-100,85,5,85,F,1987-01-01 00:00:00,0
966,12352584,-100,85,5,85,M,1977-01-01 00:00:00,2926.09
967,17264912,100,85,5,85,M,1972-01-01 00:00:00,2343.6
968,17264912,100,85,5,85,F,1982-01-01 00:00:00,1425.86
969,22072247,100,85,5,85,M,1990-01-01 00:00:00,1587.15
970,22072247,100,85,5,85,F,1992-01-01 00:00:00,2006.82
971,100799815,100,85,5,85,F,1958-01-01 00:00:00,1539.42
972,100799815,100,85,5,85,M,1953-01-01 00:00:00,1713.42
973,21830734,100,85,20,85,F,1972-01-01 00:00:00,11561.88
974,21079946,100,95,1,85,F,1976-01-01 00:00:00,3815.94
975,21079946,100,95,1,85,M,1946-01-01 00:00:00,1026.14
976,18256234,100,85,1,95,M,1981-01-01 00:00:00,3648.62
977,18256234,100,85,1,95,F,1988-01-01 00:00:00,1702.64
978,100371405,100,50,20,85,M,1983-01-01 00:00:00,2838.5
979,100371405,100,50,20,85,F,1991-01-01 00:00:00,2664
980,100845184,100,85,20,85,M,1993-01-01 00:00:00,2120
981,21068969,100,75,75,75,F,1968-01-01 00:00:00,8181.31
982,3598761,100,65,5,85,M,1978-01-01 00:00:00,2020.3
983,100176315,100,95,5,85,M,1982-01-01 00:00:00,2485.1
984,100176315,100,95,5,85,F,1982-01-01 00:00:00,1573.31
985,18746489,100,85,0,85,F,1974-01-01 00:00:00,1821.09
986,100289547,100,75,20,85,M,1988-01-01 00:00:00,3633.81
987,100289547,100,75,20,85,F,1986-01-01 00:00:00,2599.42
988,101636205,-100,65,65,75,M,1981-01-01 00:00:00,2415
989,101636205,-100,65,65,75,F,1987-01-01 00:00:00,3096
990,100634056,100,75,20,85,M,1965-01-01 00:00:00,4272.87
991,100634056,100,75,20,85,F,1967-01-01 00:00:00,250
992,21378922,100,85,20,85,M,1990-01-01 00:00:00,3250
993,21378922,100,85,20,85,F,1990-01-01 00:00:00,1800
994,11081533,0,85,5,85,M,1970-01-01 00:00:00,1583.53
995,11081533,0,85,5,85,,,1493.44
996,21401251,100,85,5,85,M,1992-01-01 00:00:00,2400
997,21401251,100,85,5,85,F,1995-01-01 00:00:00,2260
998,20879357,100,85,5,85,M,1960-01-01 00:00:00,10425.19
999,20879357,100,85,5,85,F,1961-01-01 00:00:00,532.17
1000,100088548,100,85,5,85,M,1975-01-01 00:00:00,4647.8
1001,21729547,-100,85,20,85,M,1983-01-01 00:00:00,9038.67
1002,21729547,-100,85,20,85,F,1983-01-01 00:00:00,0
1003,100247251,-100,20,85,65,M,1988-01-01 00:00:00,4763.83
1004,100247251,-100,20,85,65,F,1984-01-01 00:00:00,258.66
1005,100010109,100,85,5,85,F,1955-01-01 00:00:00,2113.48
1006,9157318,100,95,1,85,M,1979-01-01 00:00:00,2016
1007,17922926,100,85,15,85,M,1979-01-01 00:00:00,4281
1008,17922926,100,85,15,85,F,1981-01-01 00:00:00,4733
1009,15686451,100,85,20,85,F,1981-01-01 00:00:00,4133.33
1010,15686451,100,85,20,85,M,1982-01-01 00:00:00,3084.25
1011,19962381,100,85,1,85,M,1977-01-01 00:00:00,6810
1012,19966632,100,85,5,85,F,1970-01-01 00:00:00,2414.36
1013,19966632,100,85,5,85,M,1962-01-01 00:00:00,3071.1
1014,22079154,-100,85,45,85,F,1989-01-01 00:00:00,3412.42
1015,22079154,-100,85,45,85,M,1985-01-01 00:00:00,3745.98
1016,101116716,100,85,1,85,F,1974-01-01 00:00:00,5641.67
1017,10475880,100,-100,20,75,F,1944-01-01 00:00:00,0
1018,10475880,100,-100,20,75,M,1944-01-01 00:00:00,5800
1019,20490441,100,85,5,85,M,1990-01-01 00:00:00,4346.33
1020,20490441,100,85,5,85,M,1987-01-01 00:00:00,1945
1021,21614379,100,95,1,85,M,1959-01-01 00:00:00,4248
1022,21614379,100,95,1,85,F,1958-01-01 00:00:00,1270.2
1023,20455072,100,85,20,85,M,1956-01-01 00:00:00,1949
1024,20455072,100,85,20,85,F,1960-01-01 00:00:00,0
1025,22259857,100,65,20,85,M,1990-01-01 00:00:00,4755
1026,22259857,100,65,20,85,F,1993-01-01 00:00:00,820
1027,8093584,100,75,20,85,M,1967-01-01 00:00:00,3127.12
1028,8093584,100,75,20,85,F,1972-01-01 00:00:00,1570.83
1029,17002019,100,85,5,85,M,1976-01-01 00:00:00,3055.92
1030,100130781,100,95,1,85,M,1981-01-01 00:00:00,3015.96
1031,100130781,100,95,1,85,F,1981-01-01 00:00:00,1854.54
1032,6496389,100,85,15,85,M,1954-01-01 00:00:00,3616.92
1033,6496389,100,85,15,85,F,1957-01-01 00:00:00,877.33
1034,100627362,100,85,5,85,M,1975-01-01 00:00:00,4184.38
1035,100627362,100,85,5,85,F,1978-01-01 00:00:00,0
1036,21772303,100,85,20,85,M,1969-01-01 00:00:00,3000
1037,21772303,100,85,20,85,F,1972-01-01 00:00:00,2083.33
1038,19460757,100,85,5,85,F,1994-01-01 00:00:00,2453
1039,100281018,100,85,15,85,F,1996-01-01 00:00:00,2973.69
1040,100026033,-100,20,85,65,F,1966-01-01 00:00:00,9080.2
1041,101212095,100,75,20,85,F,1967-01-01 00:00:00,1150
1042,101212095,100,75,20,85,M,1977-01-01 00:00:00,2751.64
1043,10598187,100,-100,5,85,M,1956-01-01 00:00:00,2960.15
1044,10598187,100,-100,5,85,F,1958-01-01 00:00:00,0
1045,101393786,0,85,5,85,M,1953-01-01 00:00:00,2300
1046,101393786,0,85,5,85,F,1959-01-01 00:00:00,1700
1047,100970922,100,85,5,85,F,1964-01-01 00:00:00,6892.41
1048,21314578,100,95,1,95,F,1982-01-01 00:00:00,1168.64
1049,21314578,100,95,1,95,M,1986-01-01 00:00:00,4111.12
1050,21043019,100,75,20,85,M,1954-01-01 00:00:00,377.33
1051,21043019,100,75,20,85,F,1953-01-01 00:00:00,4995.16
1052,100888483,100,65,20,85,F,1960-01-01 00:00:00,5488.25
1053,22096181,100,85,5,85,M,1978-01-01 00:00:00,2680.82
1054,22096181,100,85,5,85,F,1978-01-01 00:00:00,2030.71
1055,100181098,0,75,20,85,M,,5001
1056,6228648,100,85,5,85,M,1969-01-01 00:00:00,1529.25
1057,6228648,100,85,5,85,F,1972-01-01 00:00:00,1155.3
1058,21767043,100,85,20,85,F,1988-01-01 00:00:00,2593.41
1059,21767043,100,85,20,85,M,1989-01-01 00:00:00,4473.92
1060,100328066,100,45,75,65,M,1980-01-01 00:00:00,2453.22
1061,100328066,100,45,75,65,F,1980-01-01 00:00:00,3295.19
1062,16339594,100,85,5,85,F,1988-01-01 00:00:00,2000
1063,16339594,100,85,5,85,M,1982-01-01 00:00:00,3963
1064,22172232,100,85,5,85,F,1987-01-01 00:00:00,1952.13
1065,22172232,100,85,5,85,M,1974-01-01 00:00:00,2559.34
1066,21842600,100,85,5,85,F,1962-01-01 00:00:00,4065.22
1067,6602079,100,65,15,85,F,1985-01-01 00:00:00,0
1068,6602079,100,65,15,85,M,1981-01-01 00:00:00,3032.53
1069,101416503,0,65,45,85,M,1955-01-01 00:00:00,2830
1070,101416503,0,65,45,85,M,1958-01-01 00:00:00,1800
1071,100653617,100,85,1,85,F,1982-01-01 00:00:00,4158.68
1072,100653617,100,85,1,85,M,1978-01-01 00:00:00,3086.83
1073,100180675,100,75,85,85,M,1970-01-01 00:00:00,2450
1074,20529736,100,85,5,85,F,1993-01-01 00:00:00,1560.39
1075,20529736,100,85,5,85,M,1987-01-01 00:00:00,4653.22
1076,20616022,-100,85,20,85,M,1969-01-01 00:00:00,8885.58
1077,10452660,100,45,85,75,M,1957-01-01 00:00:00,5742.66
1078,10452660,100,45,85,75,F,1956-01-01 00:00:00,0
1079,21535536,100,85,20,85,F,1990-01-01 00:00:00,1979.17
1080,21535536,100,85,20,85,M,1990-01-01 00:00:00,3937.5
1081,19325610,100,85,5,85,M,1986-01-01 00:00:00,3031.98
1082,101453211,100,85,5,85,M,1979-01-01 00:00:00,4923.57
1083,101731651,100,85,20,85,F,1984-01-01 00:00:00,4112.87
1084,101731651,100,85,20,85,M,1977-01-01 00:00:00,5924.35
1085,100575637,100,75,65,85,M,1973-01-01 00:00:00,3002
1086,100575637,100,75,65,85,F,1977-01-01 00:00:00,0
1087,17869756,100,85,20,85,M,1983-01-01 00:00:00,2258.91
1088,17869756,100,85,20,85,F,1984-01-01 00:00:00,3325.41
1089,21911203,100,60,5,85,F,1983-01-01 00:00:00,5300
1090,20840828,-100,65,20,85,M,1986-01-01 00:00:00,7625.35
1091,100566910,100,65,20,85,M,1967-01-01 00:00:00,2812.61
1092,100566910,100,65,20,85,F,1971-01-01 00:00:00,2366.55
1093,101381539,100,85,20,85,F,1969-01-01 00:00:00,8400
1094,100284143,100,75,15,85,M,1963-01-01 00:00:00,4483
1095,100284143,100,75,15,85,F,1962-01-01 00:00:00,3214
1096,101674739,100,65,20,85,F,1992-01-01 00:00:00,2509.83
1097,101674739,100,65,20,85,M,1986-01-01 00:00:00,3158.33
1098,21684638,100,85,5,85,M,1965-01-01 00:00:00,4096.69
1099,22235673,100,75,20,85,M,1985-01-01 00:00:00,3579.33
1100,22235673,100,75,20,85,F,1990-01-01 00:00:00,3665
1101,21405073,100,85,5,85,M,1986-01-01 00:00:00,5673
1102,21405073,100,85,5,85,F,1987-01-01 00:00:00,450
1103,21341371,100,95,1,85,M,1984-01-01 00:00:00,6085.32
1104,21286474,0,-100,-100,85,M,1959-01-01 00:00:00,1300
1105,101226592,0,85,20,85,F,1972-01-01 00:00:00,6222.3
1106,20267976,-100,45,85,75,F,1970-01-01 00:00:00,1001.1
1107,20267976,-100,45,85,75,M,1981-01-01 00:00:00,3095.6
1108,18723380,100,85,5,85,M,1983-01-01 00:00:00,4588
1109,18723380,100,85,5,85,F,1982-01-01 00:00:00,0
1110,100769187,-100,65,20,85,M,,6800
1111,100886369,100,85,5,85,M,,2400
1112,100555115,100,85,15,85,F,1949-01-01 00:00:00,2000
1113,100562503,100,85,20,85,M,,5500
1114,100330700,-100,75,20,85,M,1970-01-01 00:00:00,2866.09
1115,100837415,100,85,5,85,M,1957-01-01 00:00:00,2539
1116,100837415,100,85,5,85,F,1960-01-01 00:00:00,1905
1117,100592735,100,50,15,85,F,1979-01-01 00:00:00,2000
1118,21575571,100,85,5,85,F,1977-01-01 00:00:00,2819
1119,101076100,0,65,85,85,F,1987-01-01 00:00:00,5409
1120,101076100,0,65,85,85,M,1987-01-01 00:00:00,5441.58
1121,21490275,100,85,20,85,M,1976-01-01 00:00:00,4129.67
1122,21490275,100,85,20,85,F,1983-01-01 00:00:00,1000
1123,9569206,100,85,5,85,M,1970-01-01 00:00:00,2778.93
1124,100464462,100,85,5,85,M,1983-01-01 00:00:00,2909
1125,22216290,100,85,20,85,F,1971-01-01 00:00:00,1387.63
1126,22216290,100,85,20,85,M,1971-01-01 00:00:00,5154.67
1127,21929133,100,85,5,85,F,1997-01-01 00:00:00,2093.49
1128,21929133,100,85,5,85,M,1997-01-01 00:00:00,2364.9
1129,101692411,0,75,20,85,F,,2500
1130,101692411,0,75,20,85,M,1991-01-01 00:00:00,4375
1131,100057830,-100,85,5,85,M,1976-01-01 00:00:00,3761.78
1132,100057830,-100,85,5,85,F,1980-01-01 00:00:00,939.1
1133,101393928,100,75,45,85,M,1981-01-01 00:00:00,1862.24
1134,21318748,-100,85,20,85,F,1991-01-01 00:00:00,2675
1135,21318748,-100,85,20,85,F,1967-01-01 00:00:00,1283
1136,100100397,100,85,20,85,F,1984-01-01 00:00:00,438
1137,100100397,100,85,20,85,M,1983-01-01 00:00:00,4877.5
1138,19083816,0,65,20,85,F,1965-01-01 00:00:00,1625
1139,19083816,0,65,20,85,M,1969-01-01 00:00:00,4333.33
1140,21025300,0,65,20,85,F,1961-01-01 00:00:00,5330.33
1141,20991153,100,75,20,85,M,1950-01-01 00:00:00,1269.16
1142,20991153,100,75,20,85,F,1952-01-01 00:00:00,690.44
1143,100659656,100,65,65,85,F,1980-01-01 00:00:00,3142.1
1144,18237510,100,85,1,85,M,,2123.57
1145,18237510,100,85,1,85,F,1978-01-01 00:00:00,2471.18
1146,101007343,-100,65,75,85,F,1978-01-01 00:00:00,4354.58
1147,101007343,-100,65,75,85,M,1986-01-01 00:00:00,-419
1148,101207847,100,65,65,85,F,1979-01-01 00:00:00,6843.57
1149,101207847,100,65,65,85,M,1970-01-01 00:00:00,4437.7
1150,14220196,100,85,5,85,M,1981-01-01 00:00:00,0
1151,14220196,100,85,5,85,F,1983-01-01 00:00:00,2400
1152,101764529,-100,20,95,45,F,1995-01-01 00:00:00,2640
1153,101764529,-100,20,95,45,M,1994-01-01 00:00:00,4300
1154,100594440,100,85,20,85,M,1981-01-01 00:00:00,4383.55
1155,100594440,100,85,20,85,F,1982-01-01 00:00:00,-437.15
1156,100165249,100,85,20,85,M,1988-01-01 00:00:00,4531.25
1157,17305182,0,85,15,85,F,1980-01-01 00:00:00,2830.85
1158,17305182,0,85,15,85,M,1979-01-01 00:00:00,3222.32
1159,20737679,100,85,15,85,F,1974-01-01 00:00:00,0
1160,20737679,100,85,15,85,M,1967-01-01 00:00:00,7952
1161,16623810,100,85,1,85,M,1950-01-01 00:00:00,5898
1162,16623810,100,85,1,85,F,1986-01-01 00:00:00,2875.36
1163,100370365,100,85,20,85,F,1990-01-01 00:00:00,979
1164,100370365,100,85,20,85,M,1989-01-01 00:00:00,2637.5
1165,101152457,0,75,20,85,F,1969-01-01 00:00:00,3500
1166,20762967,100,-100,35,85,M,1988-01-01 00:00:00,2146.44
1167,18741044,100,85,5,85,M,1993-01-01 00:00:00,2056.45
1168,18741044,100,85,5,85,F,1986-01-01 00:00:00,1654
1169,20531151,100,85,75,85,F,1989-01-01 00:00:00,1800
1170,20531151,100,85,75,85,M,1987-01-01 00:00:00,3147.46
1171,11325648,100,85,20,85,F,1979-01-01 00:00:00,4000
1172,11325648,100,85,20,85,M,1971-01-01 00:00:00,3400
1173,20632977,100,85,5,85,M,1978-01-01 00:00:00,7535.87
1174,100497282,100,85,20,85,F,1979-01-01 00:00:00,5775
1175,100497282,100,85,20,85,M,1969-01-01 00:00:00,4658.33
1176,12716849,100,85,15,85,F,1967-01-01 00:00:00,4560.78
1177,101317665,100,85,20,85,M,1988-01-01 00:00:00,4591
1178,101317665,100,85,20,85,F,1986-01-01 00:00:00,2453
1179,21105953,0,85,20,85,F,1985-01-01 00:00:00,3444
1180,21105953,0,85,20,85,M,1985-01-01 00:00:00,4183.34
1181,20027075,100,85,5,85,M,1983-01-01 00:00:00,3241.78
1182,22216351,100,85,20,85,F,1984-01-01 00:00:00,3241.67
1183,22216351,100,85,20,85,M,1979-01-01 00:00:00,2491.67
1184,100688972,100,85,20,85,M,1984-01-01 00:00:00,2508
1185,100688972,100,85,20,85,F,1990-01-01 00:00:00,2858.27
1186,18779033,100,20,85,45,M,1991-01-01 00:00:00,4457.67
1187,100628516,100,85,75,85,M,1978-01-01 00:00:00,10200
1188,100628516,100,85,75,85,F,1976-01-01 00:00:00,10050
1189,19708245,100,95,5,85,M,1991-01-01 00:00:00,5118
1190,19708245,100,95,5,85,F,1990-01-01 00:00:00,3126
1191,21556919,100,85,5,85,F,1976-01-01 00:00:00,868.12
1192,21556919,100,85,5,85,M,1973-01-01 00:00:00,9307.1
1193,13813261,100,85,5,85,M,1975-01-01 00:00:00,4036.06
1194,19331798,100,85,20,85,M,1993-01-01 00:00:00,3150
1195,19331798,100,85,20,85,F,1996-01-01 00:00:00,2550
1196,100148848,100,85,5,85,M,1990-01-01 00:00:00,2846.61
1197,100148848,100,85,5,85,F,1988-01-01 00:00:00,2815
1198,100818963,100,45,20,75,F,1980-01-01 00:00:00,4980.67
1199,100818963,100,45,20,75,M,1974-01-01 00:00:00,1619.56
1200,6014453,100,85,42,75,M,1947-01-01 00:00:00,5060
1201,6014453,100,85,42,75,F,1951-01-01 00:00:00,1580
1202,14558815,100,65,5,85,M,1989-01-01 00:00:00,4108.5
1203,14558815,100,65,5,85,F,1988-01-01 00:00:00,0
1204,21023887,100,85,5,85,F,1990-01-01 00:00:00,1782
1205,21023887,100,85,5,85,M,1986-01-01 00:00:00,5403.44
1206,21933853,100,85,5,85,M,1987-01-01 00:00:00,3019
1207,21933853,100,85,5,85,F,1986-01-01 00:00:00,960
1208,101238916,100,85,65,85,F,1981-01-01 00:00:00,2050.82
1209,21357914,100,95,1,85,F,1988-01-01 00:00:00,1198.77
1210,21357914,100,95,1,85,M,1984-01-01 00:00:00,3250
1211,100455826,100,85,5,85,M,1974-01-01 00:00:00,7321
1212,20334533,100,85,5,85,M,1971-01-01 00:00:00,9601.58
1213,20334533,100,85,5,85,F,1976-01-01 00:00:00,2834.13
1214,20744721,100,85,5,85,M,1968-01-01 00:00:00,2400
1215,20744721,100,85,5,85,F,1974-01-01 00:00:00,1593
1216,21957369,100,85,20,85,F,1983-01-01 00:00:00,4092.58
1217,20647714,100,85,20,85,M,1984-01-01 00:00:00,3890
1218,20647714,100,85,20,85,F,1991-01-01 00:00:00,3180
1219,20521375,100,85,20,85,F,,3750
1220,21732424,100,85,5,85,M,1966-01-01 00:00:00,2865.84
1221,21732424,100,85,5,85,F,1971-01-01 00:00:00,2548.26
1222,17785518,100,85,5,85,M,1978-01-01 00:00:00,2430.75
1223,9997808,100,95,1,85,F,1964-01-01 00:00:00,2000
1224,9997808,100,95,1,85,M,1958-01-01 00:00:00,1900
1225,100081968,100,45,85,85,M,1977-01-01 00:00:00,3413
1226,22115704,100,85,20,85,M,1994-01-01 00:00:00,2394.08
1227,21397423,0,65,45,85,F,1983-01-01 00:00:00,4611.29
1228,21397423,0,65,45,85,M,1986-01-01 00:00:00,2596.7
1229,100534565,100,85,5,85,M,1986-01-01 00:00:00,2586.53
1230,100534565,100,85,5,85,F,1989-01-01 00:00:00,2512
1231,21712223,0,85,5,85,F,1971-01-01 00:00:00,1881
1232,21712223,0,85,5,85,M,1972-01-01 00:00:00,2060
1233,18950284,100,-100,35,85,F,1967-01-01 00:00:00,2166.67
1234,10520195,100,85,15,85,F,1972-01-01 00:00:00,4094
1235,10520195,100,85,15,85,M,1971-01-01 00:00:00,1000
1236,20843222,100,75,20,85,M,1986-01-01 00:00:00,1640
1237,16365667,100,65,20,85,M,1971-01-01 00:00:00,3220.75
1238,21462246,0,85,20,85,M,1983-01-01 00:00:00,2050.41
1239,101629740,100,85,20,85,M,1988-01-01 00:00:00,7476.18
1240,101629740,100,85,20,85,F,1988-01-01 00:00:00,2239.62
1241,100771779,100,85,5,85,F,1961-01-01 00:00:00,3016.8
1242,100194567,100,85,0,85,M,1988-01-01 00:00:00,3250
1243,100194567,100,85,0,85,F,1992-01-01 00:00:00,2050
1244,100580489,0,85,5,85,M,1975-01-01 00:00:00,4500
1245,100580489,0,85,5,85,F,1977-01-01 00:00:00,2000
1246,22135722,100,85,20,85,M,,2300
1247,13920510,100,85,20,85,M,1989-01-01 00:00:00,2529.13
1248,13920510,100,85,20,85,F,1989-01-01 00:00:00,2830.76
1249,100443849,100,85,5,95,F,1992-01-01 00:00:00,3031.63
1250,100443849,100,85,5,95,M,1987-01-01 00:00:00,2549.34
1251,101820687,-100,45,65,85,M,1961-01-01 00:00:00,2442
1252,100939663,100,85,5,85,F,1979-01-01 00:00:00,4750
1253,100933390,-100,50,5,85,M,1983-01-01 00:00:00,3500
1254,101233051,100,95,1,85,M,1992-01-01 00:00:00,3160.12
1255,101233051,100,95,1,85,F,1985-01-01 00:00:00,4231.02
1256,101280708,100,45,20,75,F,1969-01-01 00:00:00,4435.5
1257,21356198,0,95,1,95,M,1967-01-01 00:00:00,8923
1258,19694722,100,85,5,85,F,1983-01-01 00:00:00,1088
1259,19694722,100,85,5,85,M,1973-01-01 00:00:00,2925
1260,21105906,100,75,5,85,M,1988-01-01 00:00:00,3190.84
1261,100278715,100,85,5,85,M,1985-01-01 00:00:00,5625
1262,20688675,100,85,5,85,M,1987-01-01 00:00:00,11043
1263,20013498,100,95,5,85,M,1975-01-01 00:00:00,3811.21
1264,20013498,100,95,5,85,F,1978-01-01 00:00:00,3137.56
1265,14784709,100,85,5,85,M,1947-01-01 00:00:00,5683.35
1266,14784709,100,85,5,85,F,1952-01-01 00:00:00,870.18
1267,19984000,100,75,5,85,M,1988-01-01 00:00:00,2555.87
1268,19984000,100,75,5,85,F,1984-01-01 00:00:00,2412.86
1269,20649333,100,85,20,85,M,1990-01-01 00:00:00,2890
1270,101900974,0,85,5,85,M,1977-01-01 00:00:00,7200
1271,101900974,0,85,5,85,F,1978-01-01 00:00:00,0
1272,101151387,0,85,5,85,F,1983-01-01 00:00:00,4488.89
1273,101151387,0,85,5,85,M,1987-01-01 00:00:00,0
1274,20215501,100,85,5,85,F,1970-01-01 00:00:00,3391
1275,20215501,100,85,5,85,M,1968-01-01 00:00:00,3010.31
1276,100265179,100,85,20,85,M,1997-01-01 00:00:00,3537
1277,101156036,100,85,5,85,F,1994-01-01 00:00:00,3443
1278,20489657,100,65,20,85,M,1982-01-01 00:00:00,6518.16
1279,20489657,100,65,20,85,F,1976-01-01 00:00:00,3946.45
1280,21945129,100,75,20,85,F,1975-01-01 00:00:00,20019.11
1281,21945129,100,75,20,85,M,1967-01-01 00:00:00,2883.33
1282,100695331,100,85,20,85,M,1990-01-01 00:00:00,3886.84
1283,13987357,100,85,5,85,M,1988-01-01 00:00:00,2013.29
1284,13987357,100,85,5,85,F,1985-01-01 00:00:00,2105.91
1285,100279776,100,50,20,85,F,,11674
1286,100279776,100,50,20,85,M,,0
1287,20336898,100,85,5,85,F,1976-01-01 00:00:00,2529.36
1288,20336898,100,85,5,85,M,1971-01-01 00:00:00,2469.22
1289,100502551,0,85,5,85,M,1968-01-01 00:00:00,2845.34
1290,100036502,100,85,5,85,M,1970-01-01 00:00:00,2157.4
1291,100036502,100,85,5,85,M,1966-01-01 00:00:00,4347.02
1292,101421538,100,45,20,85,F,1982-01-01 00:00:00,9580
1293,101421538,100,45,20,85,M,1977-01-01 00:00:00,5200
1294,101796075,100,95,1,95,F,1988-01-01 00:00:00,2930.94
1295,101796075,100,95,1,95,M,1982-01-01 00:00:00,2689.17
1296,101463604,100,-100,-100,85,F,,9000
1297,19803792,100,95,1,85,M,1970-01-01 00:00:00,3954
1298,19803792,100,95,1,85,F,1978-01-01 00:00:00,1973.09
1299,100201529,-100,85,75,85,M,1983-01-01 00:00:00,1997.75
1300,100201529,-100,85,75,85,F,1986-01-01 00:00:00,1083.5
1301,20921110,0,85,20,85,M,1963-01-01 00:00:00,8165.56
1302,20921110,0,85,20,85,F,1965-01-01 00:00:00,6054.45
1303,10977579,100,65,20,75,M,1928-01-01 00:00:00,650
1304,10977579,100,65,20,75,F,1941-01-01 00:00:00,1000
1305,8549413,100,85,20,85,M,1985-01-01 00:00:00,2000
1306,8549413,100,85,20,85,F,1990-01-01 00:00:00,1800
1307,101226288,100,85,5,85,F,1992-01-01 00:00:00,4120
1308,101226288,100,85,5,85,M,1991-01-01 00:00:00,6390
1309,18716979,0,85,1,85,M,1968-01-01 00:00:00,5782.72
1310,18716979,0,85,1,85,F,1969-01-01 00:00:00,-213.24
1311,21815150,100,85,1,85,M,1974-01-01 00:00:00,2586.91
1312,100879283,100,65,65,75,M,1990-01-01 00:00:00,3451.41
1313,100879283,100,65,65,75,F,1992-01-01 00:00:00,3234.63
1314,100959583,100,85,5,85,F,1993-01-01 00:00:00,0
1315,100959583,100,85,5,85,M,1992-01-01 00:00:00,6258
1316,18914058,100,85,1,85,F,1988-01-01 00:00:00,3572.02
1317,100139514,100,85,5,85,F,1979-01-01 00:00:00,1810.69
1318,100503347,100,45,65,65,M,1984-01-01 00:00:00,1637.95
1319,100503347,100,45,65,65,F,1987-01-01 00:00:00,2751.58
1320,22039978,0,85,20,85,F,1980-01-01 00:00:00,3004
1321,5864942,0,85,5,85,F,1978-01-01 00:00:00,2384
1322,5864942,0,85,5,85,M,1979-01-01 00:00:00,1625
1323,20342315,100,85,20,85,F,1995-01-01 00:00:00,2095.63
1324,20342315,100,85,20,85,M,1988-01-01 00:00:00,1900
1325,19835357,100,85,20,85,F,1996-01-01 00:00:00,2383.33
1326,19835357,100,85,20,85,M,1996-01-01 00:00:00,2000
1327,21135817,100,65,20,85,F,1980-01-01 00:00:00,598.01
1328,21135817,100,65,20,85,M,1981-01-01 00:00:00,5676
1329,101645373,100,85,5,85,F,1986-01-01 00:00:00,2000
1330,101645373,100,85,5,85,M,1985-01-01 00:00:00,5240
1331,20453661,100,85,20,85,M,1991-01-01 00:00:00,2700
1332,20453661,100,85,20,85,F,1993-01-01 00:00:00,2550
1333,100920031,-100,85,5,85,M,1974-01-01 00:00:00,7564.59
1334,100920031,-100,85,5,85,F,1979-01-01 00:00:00,0
1335,22016578,0,85,20,85,M,1949-01-01 00:00:00,7206
1336,22016578,0,85,20,85,F,1949-01-01 00:00:00,1093
1337,19198710,100,75,65,85,M,1970-01-01 00:00:00,8727
1338,19198710,100,75,65,85,F,1969-01-01 00:00:00,0
1339,100708273,-100,-100,35,85,M,,7500
1340,100839658,-100,50,85,85,M,,2600
1341,101285113,100,65,20,85,M,1972-01-01 00:00:00,3251.1
1342,101285113,100,65,20,85,F,1975-01-01 00:00:00,1550
1343,11576952,0,85,5,85,M,1968-01-01 00:00:00,3607.15
1344,100763627,100,95,5,85,M,1985-01-01 00:00:00,3889.7
1345,100763627,100,95,5,85,F,1985-01-01 00:00:00,1103.78
1346,13888525,100,85,5,85,M,1983-01-01 00:00:00,4000
1347,101702238,-100,85,5,85,M,1991-01-01 00:00:00,4039.68
1348,101702238,-100,85,5,85,F,1990-01-01 00:00:00,800
1349,100380507,0,-100,35,85,M,1976-01-01 00:00:00,3075.57
1350,22263035,100,85,20,85,M,1973-01-01 00:00:00,14014
1351,21830284,100,85,5,85,F,1982-01-01 00:00:00,3399.31
1352,21830284,100,85,5,85,M,1984-01-01 00:00:00,3210.98
1353,5839045,100,85,5,85,F,1956-01-01 00:00:00,1285
1354,5839045,100,85,5,85,M,1958-01-01 00:00:00,2200
1355,17456328,100,85,5,85,M,1983-01-01 00:00:00,6898.5
1356,17456328,100,85,5,85,F,1987-01-01 00:00:00,2677
1357,19391724,100,85,5,85,F,1977-01-01 00:00:00,1700
1358,19391724,100,85,5,85,M,1988-01-01 00:00:00,3900
1359,100689595,100,75,75,85,M,1978-01-01 00:00:00,4307
1360,20579888,100,85,1,85,F,1990-01-01 00:00:00,2321.13
1361,20579888,100,85,1,85,M,1988-01-01 00:00:00,2254
1362,22161878,0,85,5,85,M,1963-01-01 00:00:00,0
1363,22161878,0,85,5,85,F,1976-01-01 00:00:00,3589.25
1364,101389837,100,85,20,85,F,1962-01-01 00:00:00,3300
1365,101358674,0,85,20,85,M,1956-01-01 00:00:00,3975
1366,101358674,0,85,20,85,F,1951-01-01 00:00:00,999
1367,101022460,100,85,20,85,M,1991-01-01 00:00:00,3180
1368,101022460,100,85,20,85,F,1996-01-01 00:00:00,1122.56
1369,100615604,100,85,5,85,M,1976-01-01 00:00:00,15230.52
1370,100615604,100,85,5,85,F,1979-01-01 00:00:00,7988.61
1371,100132820,100,85,1,85,M,1964-01-01 00:00:00,3247
1372,100132820,100,85,1,85,F,1967-01-01 00:00:00,3000
1373,21099310,100,85,5,85,M,1960-01-01 00:00:00,432.61
1374,100439443,100,85,10,85,F,1989-01-01 00:00:00,1419.79
1375,100439443,100,85,10,85,M,1985-01-01 00:00:00,4322.97
1376,101945154,100,85,20,85,M,1988-01-01 00:00:00,4062.5
1377,21548049,100,45,85,75,F,1979-01-01 00:00:00,9977
1378,20406704,100,95,1,85,M,1985-01-01 00:00:00,2820
1379,101036847,100,85,5,85,M,1984-01-01 00:00:00,8333.33
1380,101036847,100,85,5,85,F,1982-01-01 00:00:00,1733.33
1381,17853164,0,85,20,85,M,1987-01-01 00:00:00,2275.75
1382,19666441,0,85,5,85,M,1983-01-01 00:00:00,3500
1383,19666441,0,85,5,85,M,1980-01-01 00:00:00,2700
1384,19150830,100,85,1,85,F,1972-01-01 00:00:00,6256.34
1385,19150830,100,85,1,85,M,1972-01-01 00:00:00,5280.82
1386,100799384,100,85,5,85,F,,4000
1387,11330392,100,85,5,85,M,1959-01-01 00:00:00,2619.26
1388,21662707,100,85,20,85,M,1959-01-01 00:00:00,3997.39
1389,21662707,100,85,20,85,F,1967-01-01 00:00:00,2345.71
1390,101408850,100,85,5,85,M,1969-01-01 00:00:00,3715.83
1391,22259299,100,85,5,85,M,1987-01-01 00:00:00,4461.67
1392,22259299,100,85,5,85,F,1990-01-01 00:00:00,438
1393,12054092,-100,85,20,85,M,1953-01-01 00:00:00,5581.69
1394,12054092,-100,85,20,85,F,1961-01-01 00:00:00,1294.41
1395,101258147,100,85,20,85,F,1984-01-01 00:00:00,1100
1396,101258147,100,85,20,85,M,1980-01-01 00:00:00,6500
1397,4480363,100,85,5,85,F,1982-01-01 00:00:00,3670.83
1398,4480363,100,85,5,85,M,1980-01-01 00:00:00,3987
1399,16868174,100,100,1,95,F,1962-01-01 00:00:00,1685.6
1400,16868174,100,100,1,95,M,1960-01-01 00:00:00,2896.42
1401,101031596,100,85,20,85,M,1988-01-01 00:00:00,3200
1402,101031596,100,85,20,85,F,1991-01-01 00:00:00,4922
1403,19897889,100,85,5,85,M,1968-01-01 00:00:00,2199.02
1404,16947564,100,85,20,85,F,1987-01-01 00:00:00,2519
1405,16947564,100,85,20,85,M,1980-01-01 00:00:00,2816.67
1406,100046790,-100,-100,35,85,M,,4000
1407,6569912,100,85,35,85,M,1972-01-01 00:00:00,3300
1408,21311170,100,95,1,85,M,1989-01-01 00:00:00,3206.25
1409,21311170,100,95,1,85,F,1994-01-01 00:00:00,1917.96
1410,13291866,100,85,5,85,M,1962-01-01 00:00:00,2657
1411,13291866,100,85,5,85,F,1959-01-01 00:00:00,1313.92
1412,101831469,100,85,5,85,M,1983-01-01 00:00:00,14988.35
1413,100219771,100,75,20,75,M,1942-01-01 00:00:00,2700
1414,100640436,100,85,5,85,M,1994-01-01 00:00:00,3197.73
1415,100640436,100,85,5,85,F,1996-01-01 00:00:00,2137.46
1416,8077961,100,85,1,85,M,1968-01-01 00:00:00,5384.01
1417,8077961,100,85,1,85,F,1970-01-01 00:00:00,1311.03
1418,21534578,100,85,5,85,M,1965-01-01 00:00:00,-690
1419,100687196,100,-100,-100,85,M,1949-01-01 00:00:00,100.4
1420,20560499,0,85,1,85,F,1968-01-01 00:00:00,2948
1421,20560499,0,85,1,85,F,1975-01-01 00:00:00,3305
1422,21438318,100,85,20,85,M,1966-01-01 00:00:00,5430
1423,19802329,100,85,5,85,F,1977-01-01 00:00:00,2318.09
1424,19802329,100,85,5,85,M,1975-01-01 00:00:00,12754.72
1425,13051850,-100,85,5,85,M,1962-01-01 00:00:00,3688
1426,13051850,-100,85,5,85,F,1959-01-01 00:00:00,0
1427,100154221,100,-100,-100,85,F,,
1428,100154221,100,-100,-100,85,,,
1429,16967333,100,85,1,85,M,1973-01-01 00:00:00,2200
1430,16967333,100,85,1,85,F,1976-01-01 00:00:00,1588
1431,101293257,100,85,75,85,F,1988-01-01 00:00:00,3641.95
1432,101293257,100,85,75,85,M,1985-01-01 00:00:00,2268.4
1433,19756937,100,85,5,85,F,1970-01-01 00:00:00,2925
1434,19847835,0,85,20,85,F,1976-01-01 00:00:00,4100
1435,101825159,100,85,20,85,F,1989-01-01 00:00:00,1722.07
1436,101825159,100,85,20,85,M,1987-01-01 00:00:00,3753.93
1437,21532436,100,85,20,85,F,1987-01-01 00:00:00,1479.89
1438,21532436,100,85,20,85,M,1988-01-01 00:00:00,4351
1439,18348052,100,85,5,85,F,1982-01-01 00:00:00,298
1440,18348052,100,85,5,85,M,1980-01-01 00:00:00,5109.67
1441,100215214,100,85,20,85,F,1991-01-01 00:00:00,4408.17
1442,100587475,100,85,5,85,M,1949-01-01 00:00:00,2624.27
1443,100587475,100,85,5,85,F,1952-01-01 00:00:00,1087.14
1444,7555950,100,75,20,85,M,1954-01-01 00:00:00,4628.67
1445,11640059,0,95,1,85,F,1987-01-01 00:00:00,2138.68
1446,14923103,100,85,5,85,M,1989-01-01 00:00:00,1500
1447,100676732,100,45,20,85,M,1984-01-01 00:00:00,2861.61
1448,100676732,100,45,20,85,F,1987-01-01 00:00:00,1565.08
1449,19917486,100,85,20,85,M,1985-01-01 00:00:00,4762.19
1450,19804882,100,85,20,95,M,1994-01-01 00:00:00,2253.33
1451,19804882,100,85,20,95,F,,1000
1452,100592105,0,-100,35,85,M,,
1453,100592105,0,-100,35,85,F,,
1454,20341009,0,85,20,85,F,,2100
1455,6696875,100,85,5,85,F,1986-01-01 00:00:00,1956.04
1456,6696875,100,85,5,85,M,1984-01-01 00:00:00,3896.01
1457,19269630,100,85,5,85,F,1991-01-01 00:00:00,2328.61
1458,19269630,100,85,5,85,M,1988-01-01 00:00:00,3348.77
1459,18766448,100,85,5,85,M,1983-01-01 00:00:00,5660
1460,18766448,100,85,5,85,F,1986-01-01 00:00:00,2004
1461,6013678,-100,85,35,85,M,1981-01-01 00:00:00,2397.36
1462,6013678,-100,85,35,85,F,1984-01-01 00:00:00,1825.44
1463,19234364,100,85,25,85,M,1948-01-01 00:00:00,3296
1464,19234364,100,85,25,85,F,1948-01-01 00:00:00,923.21
1465,22262345,100,85,20,85,M,1975-01-01 00:00:00,4333.33
1466,101295806,100,85,20,85,F,1960-01-01 00:00:00,3000
1467,11838647,100,65,20,85,F,1968-01-01 00:00:00,1028.93
1468,11838647,100,65,20,85,M,1965-01-01 00:00:00,4778.32
1469,21890013,100,85,1,85,M,1975-01-01 00:00:00,26969.33
1470,21890013,100,85,1,85,F,1984-01-01 00:00:00,6789.33
1471,21960080,100,85,5,85,M,1975-01-01 00:00:00,3146.33
1472,21960080,100,85,5,85,F,1982-01-01 00:00:00,1300
1473,100560390,-100,75,20,85,M,1986-01-01 00:00:00,3500
1474,19895180,100,85,5,85,M,1966-01-01 00:00:00,5487
1475,100304164,100,85,5,85,F,1991-01-01 00:00:00,1450
1476,100304164,100,85,5,85,M,1993-01-01 00:00:00,3000
1477,19850215,100,75,20,85,F,1990-01-01 00:00:00,1319
1478,19850215,100,75,20,85,M,1989-01-01 00:00:00,2062.67
1479,101159675,-100,85,20,85,M,1984-01-01 00:00:00,3891.42
1480,101159675,-100,85,20,85,F,1988-01-01 00:00:00,2337.61
1481,17717298,100,75,20,85,M,1984-01-01 00:00:00,5938
1482,18939779,100,85,5,85,M,1985-01-01 00:00:00,6354
1483,100446454,100,85,1,85,M,,0
1484,100446454,100,85,1,85,,,0
1485,100807525,100,85,5,85,M,1983-01-01 00:00:00,4384
1486,100807525,100,85,5,85,F,1981-01-01 00:00:00,3634
1487,22162693,100,85,20,85,F,1989-01-01 00:00:00,1248
1488,22162693,100,85,20,85,M,1985-01-01 00:00:00,3900
1489,21846118,100,85,5,85,M,1980-01-01 00:00:00,5324.7
1490,21846118,100,85,5,85,F,1983-01-01 00:00:00,3247
1491,101296839,0,75,5,85,M,1968-01-01 00:00:00,5500
1492,101296839,0,75,5,85,F,1971-01-01 00:00:00,2500
1493,101407476,100,85,20,85,M,1988-01-01 00:00:00,1550
1494,101407476,100,85,20,85,F,1988-01-01 00:00:00,2430.43
1495,101303126,100,95,5,95,F,1988-01-01 00:00:00,3329
1496,101303126,100,95,5,95,M,1986-01-01 00:00:00,841
1497,22075838,100,65,5,85,F,,7800
1498,101156024,100,85,5,85,M,1970-01-01 00:00:00,4070
1499,101156024,100,85,5,85,F,1982-01-01 00:00:00,730
1500,19214573,100,85,20,85,F,1990-01-01 00:00:00,2000
1501,19214573,100,85,20,85,M,1991-01-01 00:00:00,3000
1502,18207951,100,-100,35,85,M,,6000
1503,21100580,100,85,5,85,M,1969-01-01 00:00:00,3610.95
1504,21100580,100,85,5,85,F,1973-01-01 00:00:00,4381.15
1505,101726511,100,65,20,85,F,1992-01-01 00:00:00,847.46
1506,101726511,100,65,20,85,M,1991-01-01 00:00:00,3455.4
1507,17188370,100,85,20,85,F,1986-01-01 00:00:00,1500
1508,17188370,100,85,20,85,M,1983-01-01 00:00:00,3376.55
1509,18839971,100,95,1,85,M,1983-01-01 00:00:00,3997.21
1510,22111823,100,75,20,85,M,1983-01-01 00:00:00,4200
1511,22111823,100,75,20,85,F,1987-01-01 00:00:00,438
1512,100472297,100,95,0,85,M,1982-01-01 00:00:00,7270
1513,100472297,100,95,0,85,F,1983-01-01 00:00:00,2600
1514,20603413,0,85,5,85,M,1968-01-01 00:00:00,2004
1515,20998391,100,85,5,85,F,1982-01-01 00:00:00,0
1516,20998391,100,85,5,85,M,1978-01-01 00:00:00,4301.2
1517,12557826,100,85,20,85,M,1973-01-01 00:00:00,5799.23
1518,12557826,100,85,20,85,F,1981-01-01 00:00:00,-202.8
1519,19482409,0,85,5,85,M,1986-01-01 00:00:00,2551.18
1520,19482409,0,85,5,85,F,1988-01-01 00:00:00,1256
1521,100646238,100,50,75,75,M,1945-01-01 00:00:00,
1522,21541744,100,75,20,85,M,1991-01-01 00:00:00,2164.46
1523,101658086,100,85,1,85,M,1963-01-01 00:00:00,5000
1524,20860953,0,45,65,85,M,1985-01-01 00:00:00,3811
1525,20860953,0,45,65,85,F,1987-01-01 00:00:00,1532
1526,101359376,-100,45,20,75,F,1969-01-01 00:00:00,1864
1527,101359376,-100,45,20,75,M,1970-01-01 00:00:00,1599
1528,22185493,100,85,5,85,F,1989-01-01 00:00:00,3724.61
1529,18295871,100,85,15,85,M,1962-01-01 00:00:00,3470.59
1530,18295871,100,85,15,85,F,1963-01-01 00:00:00,0
1531,9514763,100,85,5,85,M,1966-01-01 00:00:00,3856.88
1532,9514763,100,85,5,85,F,1968-01-01 00:00:00,1774.17
1533,20827264,100,85,15,85,M,1959-01-01 00:00:00,1830.89
1534,17893271,100,85,1,85,M,1956-01-01 00:00:00,2690
1535,17893271,100,85,1,85,F,1960-01-01 00:00:00,0
1536,100501902,100,85,5,95,F,1969-01-01 00:00:00,2701
1537,21552207,100,75,5,85,M,1985-01-01 00:00:00,2657.65
1538,22140805,100,85,20,85,M,1967-01-01 00:00:00,5074
1539,100290974,100,85,5,85,M,1973-01-01 00:00:00,2244.53
1540,100290974,100,85,5,85,M,1981-01-01 00:00:00,2238.44
1541,22016004,100,45,65,85,M,1976-01-01 00:00:00,2138
1542,22016004,100,45,65,85,F,1984-01-01 00:00:00,801.04
1543,100774023,-100,20,85,65,F,1985-01-01 00:00:00,4671.67
1544,100705995,100,85,20,85,F,1986-01-01 00:00:00,6533.33
1545,100705995,100,85,20,85,M,1989-01-01 00:00:00,520
1546,100294008,100,85,20,85,M,1994-01-01 00:00:00,2600
1547,100294008,100,85,20,85,F,1995-01-01 00:00:00,2450
1548,100274818,100,85,5,85,M,1994-01-01 00:00:00,2673.61
1549,100274818,100,85,5,85,F,1998-01-01 00:00:00,605.84
1550,12068546,100,-100,35,85,F,1957-01-01 00:00:00,3061.83
1551,22074779,0,85,5,85,M,1960-01-01 00:00:00,4318
1552,22074779,0,85,5,85,F,1966-01-01 00:00:00,2708.33
1553,19869101,100,85,5,85,M,1953-01-01 00:00:00,4488.33
1554,19869101,100,85,5,85,F,1956-01-01 00:00:00,0
1555,5867064,100,85,5,85,M,1961-01-01 00:00:00,3359.53
1556,5867064,100,85,5,85,F,1965-01-01 00:00:00,3014.69
1557,6439965,100,95,1,85,F,1966-01-01 00:00:00,3038.83
1558,100509898,100,85,5,85,M,1987-01-01 00:00:00,2700
1559,100509898,100,85,5,85,F,1986-01-01 00:00:00,
1560,100169366,0,85,5,85,M,1985-01-01 00:00:00,2619
1561,100169366,0,85,5,85,F,1986-01-01 00:00:00,2300
1562,19214025,0,75,20,85,M,,6950
1563,100964423,100,35,85,75,M,1982-01-01 00:00:00,11446
1564,100964423,100,35,85,75,F,1982-01-01 00:00:00,750
1565,100214034,100,95,5,85,F,1975-01-01 00:00:00,5509.63
1566,15630905,100,85,1,85,F,1987-01-01 00:00:00,2344.83
1567,100955966,100,85,20,85,F,1966-01-01 00:00:00,0
1568,100955966,100,85,20,85,M,1964-01-01 00:00:00,0
1569,100103144,100,-100,35,85,F,,3000
1570,100723208,100,45,75,65,M,1982-01-01 00:00:00,3331.67
1571,100723208,100,45,75,65,F,1988-01-01 00:00:00,2350
1572,100844898,0,75,45,75,M,1990-01-01 00:00:00,2168.79
1573,100844898,0,75,45,75,F,1989-01-01 00:00:00,894.59
1574,100693046,100,85,20,85,M,1963-01-01 00:00:00,3791.67
1575,100693046,100,85,20,85,F,1967-01-01 00:00:00,900
1576,18760811,0,65,20,85,M,1971-01-01 00:00:00,2546.49
1577,16326415,100,85,5,85,M,1983-01-01 00:00:00,3074.23
1578,16326415,100,85,5,85,F,1986-01-01 00:00:00,3428.55
1579,20961018,100,45,85,65,F,1968-01-01 00:00:00,2295
1580,11994814,100,85,5,85,M,1980-01-01 00:00:00,3030
1581,11994814,100,85,5,85,F,1980-01-01 00:00:00,1860
1582,100194391,100,85,20,85,M,1979-01-01 00:00:00,3006.15
1583,100194391,100,85,20,85,F,1993-01-01 00:00:00,219
1584,101055792,100,85,5,85,M,1963-01-01 00:00:00,8304
1585,101582437,100,50,75,85,F,1976-01-01 00:00:00,4111.24
1586,20850321,100,85,20,85,F,1990-01-01 00:00:00,3390
1587,20850321,100,85,20,85,M,1988-01-01 00:00:00,3143
1588,6948493,100,75,20,85,M,1965-01-01 00:00:00,8920.1
1589,22026977,100,85,5,85,M,1987-01-01 00:00:00,3301.86
1590,16364495,100,85,1,95,F,1983-01-01 00:00:00,3835.88
1591,16364495,100,85,1,95,M,1969-01-01 00:00:00,2844.74
1592,22162428,100,65,20,85,F,1977-01-01 00:00:00,890
1593,22162428,100,65,20,85,M,1975-01-01 00:00:00,4848
1594,19232200,100,85,5,85,M,1990-01-01 00:00:00,5390.84
1595,101275884,100,-100,0,85,M,1982-01-01 00:00:00,7666.51
1596,18189032,100,85,5,85,M,1981-01-01 00:00:00,3905.17
1597,18189032,100,85,5,85,F,1983-01-01 00:00:00,1767.55
1598,101071469,100,-100,35,85,F,1980-01-01 00:00:00,3356.69
1599,101071469,100,-100,35,85,M,1969-01-01 00:00:00,1709.08
1600,6401753,100,95,1,85,M,1974-01-01 00:00:00,2859.67
1601,6401753,100,95,1,85,F,1977-01-01 00:00:00,1649.25
1602,7104351,100,85,5,85,F,1975-01-01 00:00:00,2852.43
1603,7104351,100,85,5,85,F,1977-01-01 00:00:00,3123.71
1604,101023786,100,85,5,85,M,1973-01-01 00:00:00,2500
1605,17231375,100,85,20,85,M,1979-01-01 00:00:00,
1606,17231375,100,85,20,85,F,1978-01-01 00:00:00,
1607,21051305,100,85,20,85,,1993-01-01 00:00:00,1678
1608,21051305,100,85,20,85,M,1988-01-01 00:00:00,2158.5
1609,100714959,100,85,35,85,M,,0
1610,100740572,100,85,20,85,F,1984-01-01 00:00:00,3939.78
1611,8240680,100,75,20,85,M,1968-01-01 00:00:00,3918
1612,8240680,100,75,20,85,F,1970-01-01 00:00:00,3500
1613,101470446,100,85,20,85,F,1952-01-01 00:00:00,2433
1614,21086606,100,85,1,85,M,1980-01-01 00:00:00,4018
1615,21086606,100,85,1,85,F,1981-01-01 00:00:00,1185
1616,100467571,100,75,20,85,M,1968-01-01 00:00:00,2229
1617,100467571,100,75,20,85,F,1969-01-01 00:00:00,2799.7
1618,100301314,100,-100,35,85,M,,3750
1619,20852722,100,85,0,85,M,1984-01-01 00:00:00,4261.54
1620,18415695,100,85,20,85,F,1994-01-01 00:00:00,2760.42
1621,101250256,-100,45,20,85,M,1967-01-01 00:00:00,2866
1622,101250256,-100,45,20,85,F,1979-01-01 00:00:00,2600.42
1623,101817888,100,50,85,65,F,1991-01-01 00:00:00,3039.63
1624,101817888,100,50,85,65,M,1987-01-01 00:00:00,4373.25
1625,20742330,100,85,20,85,F,1983-01-01 00:00:00,3644.94
1626,20742330,100,85,20,85,M,1987-01-01 00:00:00,15962.89
1627,10624981,100,85,15,65,M,1977-01-01 00:00:00,3010
1628,10624981,100,85,15,65,F,1978-01-01 00:00:00,2019
1629,101281894,100,75,20,85,F,,2000
1630,18252336,100,85,5,85,M,1981-01-01 00:00:00,5295.73
1631,18252336,100,85,5,85,F,1987-01-01 00:00:00,3583.83
1632,22126745,100,95,1,95,F,1970-01-01 00:00:00,3185.51
1633,22126745,100,95,1,95,M,1969-01-01 00:00:00,2782.79
1634,22211953,100,95,5,95,F,1988-01-01 00:00:00,3736.5
1635,22211953,100,95,5,95,M,1988-01-01 00:00:00,3145.04
1636,14436285,0,85,5,85,M,1964-01-01 00:00:00,5063.45
1637,100952022,100,85,5,85,F,1966-01-01 00:00:00,2981.25
1638,100952022,100,85,5,85,M,1958-01-01 00:00:00,0
1639,21965657,100,75,65,85,M,1987-01-01 00:00:00,5469.05
1640,101177467,100,20,85,75,F,1982-01-01 00:00:00,0
1641,101177467,100,20,85,75,M,1980-01-01 00:00:00,2955.37
1642,16686575,100,95,5,95,F,1977-01-01 00:00:00,2350
1643,16686575,100,95,5,95,M,1977-01-01 00:00:00,3366.67
1644,18245687,100,85,20,85,F,1964-01-01 00:00:00,2625
1645,13700024,100,95,5,85,F,1968-01-01 00:00:00,0
1646,13700024,100,95,5,85,M,1959-01-01 00:00:00,5251.22
1647,22111565,100,85,20,85,M,1989-01-01 00:00:00,2345.03
1648,100711728,100,85,15,85,M,1985-01-01 00:00:00,3433
1649,100711728,100,85,15,85,F,1992-01-01 00:00:00,0
1650,21227606,100,85,20,85,M,1981-01-01 00:00:00,3863
1651,21227606,100,85,20,85,F,1988-01-01 00:00:00,1494.16
1652,11325505,100,85,20,85,M,1962-01-01 00:00:00,2366.26
1653,11325505,100,85,20,85,F,1959-01-01 00:00:00,848.25
1654,101413862,100,95,1,85,F,1991-01-01 00:00:00,4101.72
1655,101413862,100,95,1,85,M,1985-01-01 00:00:00,3427.08
1656,19454996,0,20,85,65,F,1998-01-01 00:00:00,1245.83
1657,100629507,100,85,5,85,M,1991-01-01 00:00:00,2500
1658,100629507,100,85,5,85,F,1990-01-01 00:00:00,2538
1659,100444354,100,85,65,85,F,1971-01-01 00:00:00,5699.38
1660,100444354,100,85,65,85,M,1980-01-01 00:00:00,2083.47
1661,10159439,100,85,20,85,F,1980-01-01 00:00:00,2722.1
1662,10159439,100,85,20,85,M,1976-01-01 00:00:00,2870.14
1663,21590021,100,85,85,85,F,1979-01-01 00:00:00,2222.92
1664,21590021,100,85,85,85,M,1956-01-01 00:00:00,20182.91
1665,18490996,100,85,1,85,F,1989-01-01 00:00:00,2749
1666,18490996,100,85,1,85,M,1983-01-01 00:00:00,2310
1667,21423600,100,75,5,85,M,1973-01-01 00:00:00,8935
1668,20683614,100,85,5,85,F,1969-01-01 00:00:00,0
1669,20683614,100,85,5,85,M,1969-01-01 00:00:00,11752
1670,17158395,100,95,1,85,M,1961-01-01 00:00:00,4730
1671,17158395,100,95,1,85,F,1960-01-01 00:00:00,1200
1672,21659536,100,85,20,85,F,1982-01-01 00:00:00,-250
1673,21659536,100,85,20,85,M,1959-01-01 00:00:00,4028.99
1674,100726806,-100,85,5,85,M,1987-01-01 00:00:00,4800
1675,100726806,-100,85,5,85,F,1985-01-01 00:00:00,1000
1676,100283413,100,95,1,85,M,1950-01-01 00:00:00,9485
1677,21744669,100,85,65,85,F,1985-01-01 00:00:00,2338
1678,21744669,100,85,65,85,M,1985-01-01 00:00:00,6400
1679,22111746,100,85,20,85,F,1986-01-01 00:00:00,1057.85
1680,22111746,100,85,20,85,M,1983-01-01 00:00:00,6283.94
1681,21378579,100,65,20,85,M,1992-01-01 00:00:00,3700
1682,21378579,100,65,20,85,,1991-01-01 00:00:00,1500
1683,21402820,50,85,5,85,M,1969-01-01 00:00:00,6685.42
1684,21402820,50,85,5,85,F,1979-01-01 00:00:00,1521.77
1685,16876362,100,85,5,85,F,1987-01-01 00:00:00,1950
1686,16876362,100,85,5,85,M,1987-01-01 00:00:00,3466.67
1687,101701255,100,85,5,85,M,1991-01-01 00:00:00,8942.92
1688,101701255,100,85,5,85,F,1993-01-01 00:00:00,3200
1689,101333360,100,85,20,85,M,1983-01-01 00:00:00,5440.06
1690,22244738,100,45,65,85,F,1982-01-01 00:00:00,5296.03
1691,15661737,100,45,75,65,M,1976-01-01 00:00:00,2242.68
1692,15661737,100,45,75,65,F,1978-01-01 00:00:00,1435.17
1693,20313884,100,75,65,85,M,1986-01-01 00:00:00,5352.84
1694,101092187,100,85,20,85,M,1975-01-01 00:00:00,9303.13
1695,101092187,100,85,20,85,F,1981-01-01 00:00:00,3900
1696,20433103,-100,65,85,75,M,1980-01-01 00:00:00,4428.33
1697,20433103,-100,65,85,75,F,1989-01-01 00:00:00,1363
1698,21568485,100,85,15,85,M,1986-01-01 00:00:00,3200
1699,21568485,100,85,15,85,M,1962-01-01 00:00:00,2425.41
1700,14386195,0,95,1,85,F,1960-01-01 00:00:00,3744.08
1701,101145481,-100,85,20,85,M,1971-01-01 00:00:00,7350
1702,16899376,100,85,5,95,M,1992-01-01 00:00:00,3485.32
1703,16899376,100,85,5,95,F,1992-01-01 00:00:00,2812.5
1704,21929535,100,85,20,85,M,1977-01-01 00:00:00,9500
1705,21929535,100,85,20,85,F,1979-01-01 00:00:00,5499
1706,101143893,100,85,20,85,F,1977-01-01 00:00:00,1960.72
1707,101143893,100,85,20,85,M,1978-01-01 00:00:00,4107.33
1708,18974174,100,85,1,85,F,1976-01-01 00:00:00,4400
1709,18974174,100,85,1,85,M,1965-01-01 00:00:00,5000
1710,100846006,100,-100,35,85,F,1967-01-01 00:00:00,3500
1711,18292311,100,95,1,85,F,1963-01-01 00:00:00,6126.66
1712,18292311,100,95,1,85,M,1962-01-01 00:00:00,-511.97
1713,100201480,100,85,20,85,F,1969-01-01 00:00:00,4425.77
1714,100201480,100,85,20,85,M,1964-01-01 00:00:00,3756.21
1715,22014280,100,85,1,85,M,1987-01-01 00:00:00,4160.96
1716,22014280,100,85,1,85,M,1991-01-01 00:00:00,3086.18
1717,100527854,100,85,25,85,F,1987-01-01 00:00:00,2383.33
1718,100527854,100,85,25,85,M,1987-01-01 00:00:00,3141.67
1719,100982098,100,85,20,85,M,1983-01-01 00:00:00,2800
1720,100982098,100,85,20,85,F,1987-01-01 00:00:00,2500
1721,21578138,100,85,20,85,F,1982-01-01 00:00:00,2079.75
1722,21578138,100,85,20,85,M,1982-01-01 00:00:00,5807.96
1723,21239934,0,85,5,85,M,1958-01-01 00:00:00,5029.2
1724,21239934,0,85,5,85,F,1960-01-01 00:00:00,954.15
1725,100393840,100,85,5,85,F,1989-01-01 00:00:00,3733.33
1726,100393840,100,85,5,85,M,1990-01-01 00:00:00,3683.33
1727,21989224,100,85,5,95,F,1970-01-01 00:00:00,2942
1728,101661700,100,45,65,75,F,1981-01-01 00:00:00,1950
1729,101661700,100,45,65,75,M,1977-01-01 00:00:00,4750
1730,100752547,100,85,5,85,M,1991-01-01 00:00:00,2954.1
1731,100752547,100,85,5,85,F,1990-01-01 00:00:00,2808.41
1732,101009806,0,75,65,75,M,1993-01-01 00:00:00,2750
1733,101725561,100,45,85,85,F,1984-01-01 00:00:00,
1734,101557411,100,85,1,95,M,1966-01-01 00:00:00,1776.44
1735,101557411,100,85,1,95,F,1986-01-01 00:00:00,4590.7
1736,19003420,100,85,5,85,F,1968-01-01 00:00:00,3400
1737,21719912,100,85,5,85,F,1990-01-01 00:00:00,3257.75
1738,21719912,100,85,5,85,M,1992-01-01 00:00:00,3450.42
1739,12442703,100,-100,5,85,F,1983-01-01 00:00:00,2064.63
1740,12442703,100,-100,5,85,M,1979-01-01 00:00:00,1850
1741,19394583,100,85,20,85,M,1958-01-01 00:00:00,1748.06
1742,19394583,100,85,20,85,F,1956-01-01 00:00:00,1344.86
1743,100640512,100,85,20,85,M,1980-01-01 00:00:00,2490.15
1744,1687072,100,-100,50,85,M,1969-01-01 00:00:00,2012.61
1745,100642477,100,85,5,85,M,1988-01-01 00:00:00,4305
1746,100642477,100,85,5,85,F,1993-01-01 00:00:00,1880
1747,22240434,100,75,15,85,M,1967-01-01 00:00:00,5160
1748,22240434,100,75,15,85,F,1966-01-01 00:00:00,4640
1749,17378666,100,95,1,85,M,1969-01-01 00:00:00,1897.47
1750,17378666,100,95,1,85,F,1967-01-01 00:00:00,2482.38
1751,5606137,100,85,35,85,M,1977-01-01 00:00:00,3180
1752,5606137,100,85,35,85,F,1980-01-01 00:00:00,1850.53
1753,21176846,100,85,20,85,M,1977-01-01 00:00:00,7027
1754,21176846,100,85,20,85,F,1982-01-01 00:00:00,1463
1755,21215817,100,85,5,85,M,1973-01-01 00:00:00,7074.17
1756,21215817,100,85,5,85,F,1973-01-01 00:00:00,0
1757,13266872,0,85,1,85,M,1977-01-01 00:00:00,4733.45
1758,13266872,0,85,1,85,F,1975-01-01 00:00:00,0
1759,100364682,100,85,5,85,M,1978-01-01 00:00:00,2775
1760,100364682,100,85,5,85,F,1979-01-01 00:00:00,1083.33
1761,100299932,100,-100,35,85,F,1951-01-01 00:00:00,3318.76
1762,12852827,100,95,1,85,M,1985-01-01 00:00:00,2595.81
1763,12852827,100,95,1,85,F,1990-01-01 00:00:00,2191.22
1764,16686102,100,85,5,85,M,1981-01-01 00:00:00,4451
1765,16686102,100,85,5,85,F,1982-01-01 00:00:00,1050
1766,21220982,0,85,20,85,F,1968-01-01 00:00:00,1672.26
1767,21220982,0,85,20,85,M,1968-01-01 00:00:00,2117.2
1768,20560957,100,85,20,85,F,1990-01-01 00:00:00,2791.61
1769,20560957,100,85,20,85,M,1987-01-01 00:00:00,2621.67
1770,19073701,100,85,5,85,M,1956-01-01 00:00:00,4500
1771,19073701,100,85,5,85,F,1955-01-01 00:00:00,0
1772,20949299,100,85,20,85,M,1983-01-01 00:00:00,3750
1773,20949299,100,85,20,85,F,1990-01-01 00:00:00,2000
1774,20858726,100,85,20,85,F,1983-01-01 00:00:00,5368.67
1775,21513443,100,95,1,85,F,1975-01-01 00:00:00,2888.46
1776,100112635,100,85,5,85,M,1975-01-01 00:00:00,3763.28
1777,100112635,100,85,5,85,F,1981-01-01 00:00:00,1899.73
1778,22014928,100,45,65,85,M,1978-01-01 00:00:00,3500
1779,22014928,100,45,65,85,F,1977-01-01 00:00:00,3038
1780,101716951,100,-100,35,85,F,1966-01-01 00:00:00,1759.33
1781,101716951,100,-100,35,85,M,1962-01-01 00:00:00,3089.17
1782,100011950,100,75,20,85,M,1987-01-01 00:00:00,6331.11
1783,21405712,100,85,65,85,M,1989-01-01 00:00:00,2802.96
1784,21405712,100,85,65,85,F,1990-01-01 00:00:00,1086.97
1785,100006250,100,85,5,95,M,1981-01-01 00:00:00,5100
1786,100006250,100,85,5,95,F,1986-01-01 00:00:00,2638
1787,19650344,100,85,20,85,F,1965-01-01 00:00:00,0
1788,19650344,100,85,20,85,M,1966-01-01 00:00:00,4877.48
1789,100979125,100,85,5,85,F,,2500
1790,22219703,100,85,5,85,F,1987-01-01 00:00:00,450
1791,22219703,100,85,5,85,M,1979-01-01 00:00:00,4369.88
1792,21745408,100,85,5,95,M,1967-01-01 00:00:00,6805.67
1793,21745408,100,85,5,95,F,1971-01-01 00:00:00,783.11
1794,101097979,100,85,5,85,M,1988-01-01 00:00:00,5092.35
1795,101097979,100,85,5,85,F,1992-01-01 00:00:00,3617.03
1796,21422392,100,85,5,85,F,1981-01-01 00:00:00,-350
1797,21422392,100,85,5,85,F,1983-01-01 00:00:00,5818
1798,101664263,-100,85,20,85,F,1967-01-01 00:00:00,3840
1799,16535439,100,85,5,85,M,1983-01-01 00:00:00,3670
1800,15032465,-100,85,1,85,M,1988-01-01 00:00:00,2969.95
1801,100164153,100,85,5,85,M,1972-01-01 00:00:00,3326
1802,21582287,0,85,20,85,M,1983-01-01 00:00:00,2230
1803,100978956,100,50,20,85,M,1990-01-01 00:00:00,6208.9
1804,100978956,100,50,20,85,F,1988-01-01 00:00:00,4826.25
1805,19402142,100,65,75,75,M,1983-01-01 00:00:00,3638
1806,100514088,100,85,20,85,F,1977-01-01 00:00:00,2400
1807,19029174,0,65,20,85,M,1984-01-01 00:00:00,3958.05
1808,19029174,0,65,20,85,F,1985-01-01 00:00:00,2990
1809,17416601,100,95,1,95,M,1982-01-01 00:00:00,3644.69
1810,17416601,100,95,1,95,F,1991-01-01 00:00:00,0
1811,18909606,100,85,20,85,F,1988-01-01 00:00:00,2306.57
1812,18909606,100,85,20,85,M,1989-01-01 00:00:00,1580.32
1813,100474881,100,65,20,85,F,1963-01-01 00:00:00,2768
1814,100474881,100,65,20,85,F,1960-01-01 00:00:00,1389.91
1815,17105601,100,85,20,85,F,1977-01-01 00:00:00,1827.37
1816,17105601,100,85,20,85,M,1977-01-01 00:00:00,5609.26
1817,21422938,100,45,85,65,M,1985-01-01 00:00:00,2929.08
1818,100342643,100,85,5,85,M,1966-01-01 00:00:00,3803.27
1819,100342643,100,85,5,85,F,1965-01-01 00:00:00,1090.97
1820,101351332,100,85,5,85,M,2001-01-01 00:00:00,2680
1821,101176414,100,85,5,85,F,1946-01-01 00:00:00,2568
1822,22003342,100,85,15,85,F,1987-01-01 00:00:00,6116.67
1823,22003342,100,85,15,85,M,1971-01-01 00:00:00,2699
1824,5488040,100,85,50,85,M,1963-01-01 00:00:00,1700
1825,5488040,100,85,50,85,F,1970-01-01 00:00:00,400
1826,9866614,100,85,20,85,M,1955-01-01 00:00:00,2873
1827,9866614,100,85,20,85,F,1950-01-01 00:00:00,2600
1828,21383404,100,45,85,65,M,1962-01-01 00:00:00,1462.89
1829,21383404,100,45,85,65,F,1961-01-01 00:00:00,2755
1830,101424404,100,85,20,85,M,1966-01-01 00:00:00,4268.09
